2025-12-25 18:42:29,536 | INFO | trader.main | OK: config + logging initialized
2025-12-25 18:42:29,537 | INFO | trader.main | Project=rl-crypto-trader Env=mainnet Exchange=binance
2025-12-25 18:42:29,537 | INFO | trader.main | Spot symbol=BTCUSDT Perp symbol=BTCUSDT
2025-12-25 18:42:29,537 | INFO | trader.main | Dirs: raw=data/raw derived=data/derived logs=data/logs
2025-12-25 18:46:39,665 | INFO | trader.main | OK: config + logging initialized
2025-12-25 18:46:39,665 | INFO | trader.main | Project=rl-crypto-trader Env=mainnet Exchange=binance
2025-12-25 18:46:39,665 | INFO | trader.main | Spot symbol=BTCUSDT Perp symbol=BTCUSDT
2025-12-25 18:46:39,666 | INFO | trader.main | Dirs: raw=data/raw derived=data/derived logs=data/logs
2025-12-25 18:46:39,689 | INFO | trader.main | Starting spot BBO stream -> data\raw\spot_bbo.csv
2025-12-25 18:46:40,405 | INFO | trader.binance_spot_bbo | Connected spot BBO stream: wss://stream.binance.com:9443/ws/btcusdt@bookTicker
2025-12-25 18:46:40,812 | INFO | trader.binance_spot_bbo | BBO BTCUSDT bid=87534.67 ask=87534.68 mid=87534.67
2025-12-25 18:46:40,812 | INFO | trader.binance_spot_bbo | BBO BTCUSDT bid=87534.67 ask=87534.68 mid=87534.67
2025-12-25 18:46:40,812 | INFO | trader.binance_spot_bbo | BBO BTCUSDT bid=87534.67 ask=87534.68 mid=87534.67
2025-12-25 18:46:40,813 | INFO | trader.binance_spot_bbo | BBO BTCUSDT bid=87534.67 ask=87534.68 mid=87534.67
2025-12-25 18:46:40,813 | INFO | trader.binance_spot_bbo | BBO BTCUSDT bid=87534.67 ask=87534.68 mid=87534.67
2025-12-25 18:46:40,814 | INFO | trader.binance_spot_bbo | BBO BTCUSDT bid=87534.67 ask=87534.68 mid=87534.67
2025-12-25 18:46:40,814 | INFO | trader.binance_spot_bbo | BBO BTCUSDT bid=87534.67 ask=87534.68 mid=87534.67
2025-12-25 18:46:40,814 | INFO | trader.binance_spot_bbo | BBO BTCUSDT bid=87534.67 ask=87534.68 mid=87534.67
2025-12-25 18:46:40,814 | INFO | trader.binance_spot_bbo | BBO BTCUSDT bid=87534.67 ask=87534.68 mid=87534.67
2025-12-25 18:46:40,815 | INFO | trader.binance_spot_bbo | BBO BTCUSDT bid=87534.67 ask=87534.68 mid=87534.67
2025-12-25 18:46:40,901 | INFO | trader.binance_spot_bbo | BBO BTCUSDT bid=87534.67 ask=87534.68 mid=87534.67
2025-12-25 18:46:40,914 | INFO | trader.binance_spot_bbo | BBO BTCUSDT bid=87534.67 ask=87534.68 mid=87534.67
2025-12-25 18:46:40,914 | INFO | trader.binance_spot_bbo | BBO BTCUSDT bid=87534.67 ask=87534.68 mid=87534.67
2025-12-25 18:46:40,915 | INFO | trader.binance_spot_bbo | BBO BTCUSDT bid=87534.67 ask=87534.68 mid=87534.67
2025-12-25 18:46:40,915 | INFO | trader.binance_spot_bbo | BBO BTCUSDT bid=87534.67 ask=87534.68 mid=87534.67
2025-12-25 18:46:40,994 | INFO | trader.binance_spot_bbo | BBO BTCUSDT bid=87534.67 ask=87534.68 mid=87534.67
2025-12-25 18:46:50,014 | INFO | trader.binance_spot_bbo | BBO BTCUSDT bid=87533.47 ask=87533.48 mid=87533.48
2025-12-25 18:46:50,016 | INFO | trader.binance_spot_bbo | BBO BTCUSDT bid=87533.47 ask=87533.48 mid=87533.48
2025-12-25 18:46:50,017 | INFO | trader.binance_spot_bbo | BBO BTCUSDT bid=87533.47 ask=87533.48 mid=87533.48
2025-12-25 18:46:50,017 | INFO | trader.binance_spot_bbo | BBO BTCUSDT bid=87533.47 ask=87533.48 mid=87533.48
2025-12-25 18:46:50,018 | INFO | trader.binance_spot_bbo | BBO BTCUSDT bid=87533.47 ask=87533.48 mid=87533.48
2025-12-25 18:46:50,022 | INFO | trader.binance_spot_bbo | BBO BTCUSDT bid=87533.47 ask=87533.48 mid=87533.48
2025-12-25 18:46:50,042 | INFO | trader.binance_spot_bbo | BBO BTCUSDT bid=87533.47 ask=87533.48 mid=87533.48
2025-12-25 18:46:50,044 | INFO | trader.binance_spot_bbo | BBO BTCUSDT bid=87533.47 ask=87533.48 mid=87533.48
2025-12-25 18:46:50,044 | INFO | trader.binance_spot_bbo | BBO BTCUSDT bid=87533.47 ask=87533.48 mid=87533.48
2025-12-25 18:46:50,045 | INFO | trader.binance_spot_bbo | BBO BTCUSDT bid=87533.47 ask=87533.48 mid=87533.48
2025-12-25 18:46:50,045 | INFO | trader.binance_spot_bbo | BBO BTCUSDT bid=87533.47 ask=87533.48 mid=87533.48
2025-12-25 18:46:50,045 | INFO | trader.binance_spot_bbo | BBO BTCUSDT bid=87533.47 ask=87533.48 mid=87533.48
2025-12-25 18:46:50,046 | INFO | trader.binance_spot_bbo | BBO BTCUSDT bid=87533.47 ask=87533.48 mid=87533.48
2025-12-25 18:46:50,046 | INFO | trader.binance_spot_bbo | BBO BTCUSDT bid=87533.47 ask=87533.48 mid=87533.48
2025-12-25 18:46:50,047 | INFO | trader.binance_spot_bbo | BBO BTCUSDT bid=87533.47 ask=87533.48 mid=87533.48
2025-12-25 18:46:50,047 | INFO | trader.binance_spot_bbo | BBO BTCUSDT bid=87533.47 ask=87533.48 mid=87533.48
2025-12-25 18:46:50,048 | INFO | trader.binance_spot_bbo | BBO BTCUSDT bid=87533.47 ask=87533.48 mid=87533.48
2025-12-25 18:46:50,048 | INFO | trader.binance_spot_bbo | BBO BTCUSDT bid=87533.47 ask=87533.48 mid=87533.48
2025-12-25 18:46:50,048 | INFO | trader.binance_spot_bbo | BBO BTCUSDT bid=87533.47 ask=87533.48 mid=87533.48
2025-12-25 18:46:50,048 | INFO | trader.binance_spot_bbo | BBO BTCUSDT bid=87533.47 ask=87533.48 mid=87533.48
2025-12-25 18:46:50,049 | INFO | trader.binance_spot_bbo | BBO BTCUSDT bid=87533.47 ask=87533.48 mid=87533.48
2025-12-25 18:46:50,049 | INFO | trader.binance_spot_bbo | BBO BTCUSDT bid=87533.47 ask=87533.48 mid=87533.48
2025-12-25 18:46:50,049 | INFO | trader.binance_spot_bbo | BBO BTCUSDT bid=87533.47 ask=87533.48 mid=87533.48
2025-12-25 18:46:50,055 | INFO | trader.binance_spot_bbo | BBO BTCUSDT bid=87533.47 ask=87533.48 mid=87533.48
2025-12-25 18:46:50,055 | INFO | trader.binance_spot_bbo | BBO BTCUSDT bid=87533.47 ask=87533.48 mid=87533.48
2025-12-25 18:46:50,057 | INFO | trader.binance_spot_bbo | BBO BTCUSDT bid=87533.47 ask=87533.48 mid=87533.48
2025-12-25 18:46:50,064 | INFO | trader.binance_spot_bbo | BBO BTCUSDT bid=87533.47 ask=87533.48 mid=87533.48
2025-12-25 18:46:50,112 | INFO | trader.binance_spot_bbo | BBO BTCUSDT bid=87533.47 ask=87533.48 mid=87533.48
2025-12-25 18:46:50,114 | INFO | trader.binance_spot_bbo | BBO BTCUSDT bid=87533.47 ask=87533.48 mid=87533.48
2025-12-25 18:46:50,115 | INFO | trader.binance_spot_bbo | BBO BTCUSDT bid=87533.47 ask=87533.48 mid=87533.48
2025-12-25 18:46:50,168 | INFO | trader.binance_spot_bbo | BBO BTCUSDT bid=87533.47 ask=87533.48 mid=87533.48
2025-12-25 18:46:50,168 | INFO | trader.binance_spot_bbo | BBO BTCUSDT bid=87533.47 ask=87533.48 mid=87533.48
2025-12-25 18:46:50,169 | INFO | trader.binance_spot_bbo | BBO BTCUSDT bid=87533.47 ask=87533.48 mid=87533.48
2025-12-25 18:46:50,169 | INFO | trader.binance_spot_bbo | BBO BTCUSDT bid=87533.47 ask=87533.48 mid=87533.48
2025-12-25 18:46:50,169 | INFO | trader.binance_spot_bbo | BBO BTCUSDT bid=87533.47 ask=87533.48 mid=87533.48
2025-12-25 18:46:50,265 | INFO | trader.binance_spot_bbo | BBO BTCUSDT bid=87533.47 ask=87533.48 mid=87533.48
2025-12-25 18:46:50,265 | INFO | trader.binance_spot_bbo | BBO BTCUSDT bid=87533.47 ask=87533.48 mid=87533.48
2025-12-25 18:46:50,265 | INFO | trader.binance_spot_bbo | BBO BTCUSDT bid=87533.47 ask=87533.48 mid=87533.48
2025-12-25 18:46:50,267 | INFO | trader.binance_spot_bbo | BBO BTCUSDT bid=87533.47 ask=87533.48 mid=87533.48
2025-12-25 18:46:50,267 | INFO | trader.binance_spot_bbo | BBO BTCUSDT bid=87533.47 ask=87533.48 mid=87533.48
2025-12-25 18:46:50,268 | INFO | trader.binance_spot_bbo | BBO BTCUSDT bid=87533.47 ask=87533.48 mid=87533.48
2025-12-25 18:46:50,268 | INFO | trader.binance_spot_bbo | BBO BTCUSDT bid=87533.47 ask=87533.48 mid=87533.48
2025-12-25 18:46:50,315 | INFO | trader.binance_spot_bbo | BBO BTCUSDT bid=87533.47 ask=87533.48 mid=87533.48
2025-12-25 18:46:50,315 | INFO | trader.binance_spot_bbo | BBO BTCUSDT bid=87533.47 ask=87533.48 mid=87533.48
2025-12-25 18:46:50,316 | INFO | trader.binance_spot_bbo | BBO BTCUSDT bid=87533.47 ask=87533.48 mid=87533.48
2025-12-25 18:46:50,316 | INFO | trader.binance_spot_bbo | BBO BTCUSDT bid=87533.47 ask=87533.48 mid=87533.48
2025-12-25 18:46:50,414 | INFO | trader.binance_spot_bbo | BBO BTCUSDT bid=87533.47 ask=87533.48 mid=87533.48
2025-12-25 18:46:50,415 | INFO | trader.binance_spot_bbo | BBO BTCUSDT bid=87533.47 ask=87533.48 mid=87533.48
2025-12-25 18:46:50,416 | INFO | trader.binance_spot_bbo | BBO BTCUSDT bid=87533.47 ask=87533.48 mid=87533.48
2025-12-25 18:46:50,416 | INFO | trader.binance_spot_bbo | BBO BTCUSDT bid=87533.47 ask=87533.48 mid=87533.48
2025-12-25 18:46:50,417 | INFO | trader.binance_spot_bbo | BBO BTCUSDT bid=87533.47 ask=87533.48 mid=87533.48
2025-12-25 18:46:50,543 | INFO | trader.binance_spot_bbo | BBO BTCUSDT bid=87533.47 ask=87533.48 mid=87533.48
2025-12-25 18:46:50,544 | INFO | trader.binance_spot_bbo | BBO BTCUSDT bid=87533.47 ask=87533.48 mid=87533.48
2025-12-25 18:46:50,545 | INFO | trader.binance_spot_bbo | BBO BTCUSDT bid=87533.47 ask=87533.48 mid=87533.48
2025-12-25 18:46:50,546 | INFO | trader.binance_spot_bbo | BBO BTCUSDT bid=87533.47 ask=87533.48 mid=87533.48
2025-12-25 18:46:50,546 | INFO | trader.binance_spot_bbo | BBO BTCUSDT bid=87533.47 ask=87533.48 mid=87533.48
2025-12-25 18:46:50,669 | INFO | trader.binance_spot_bbo | BBO BTCUSDT bid=87533.47 ask=87533.48 mid=87533.48
2025-12-25 18:46:50,671 | INFO | trader.binance_spot_bbo | BBO BTCUSDT bid=87533.47 ask=87533.48 mid=87533.48
2025-12-25 18:46:50,672 | INFO | trader.binance_spot_bbo | BBO BTCUSDT bid=87533.47 ask=87533.48 mid=87533.48
2025-12-25 18:46:50,673 | INFO | trader.binance_spot_bbo | BBO BTCUSDT bid=87533.47 ask=87533.48 mid=87533.48
2025-12-25 18:46:50,673 | INFO | trader.binance_spot_bbo | BBO BTCUSDT bid=87533.47 ask=87533.48 mid=87533.48
2025-12-25 18:46:50,678 | INFO | trader.binance_spot_bbo | BBO BTCUSDT bid=87533.47 ask=87533.48 mid=87533.48
2025-12-25 18:46:50,814 | INFO | trader.binance_spot_bbo | BBO BTCUSDT bid=87533.47 ask=87533.48 mid=87533.48
2025-12-25 18:46:50,815 | INFO | trader.binance_spot_bbo | BBO BTCUSDT bid=87533.47 ask=87533.48 mid=87533.48
2025-12-25 18:46:50,816 | INFO | trader.binance_spot_bbo | BBO BTCUSDT bid=87533.47 ask=87533.48 mid=87533.48
2025-12-25 18:46:50,816 | INFO | trader.binance_spot_bbo | BBO BTCUSDT bid=87533.47 ask=87533.48 mid=87533.48
2025-12-25 18:46:50,817 | INFO | trader.binance_spot_bbo | BBO BTCUSDT bid=87533.47 ask=87533.48 mid=87533.48
2025-12-25 18:46:50,817 | INFO | trader.binance_spot_bbo | BBO BTCUSDT bid=87533.47 ask=87533.48 mid=87533.48
2025-12-25 18:47:00,173 | INFO | trader.binance_spot_bbo | BBO BTCUSDT bid=87533.47 ask=87533.48 mid=87533.48
2025-12-25 18:47:00,175 | INFO | trader.binance_spot_bbo | BBO BTCUSDT bid=87533.47 ask=87533.48 mid=87533.48
2025-12-25 18:47:00,175 | INFO | trader.binance_spot_bbo | BBO BTCUSDT bid=87533.47 ask=87533.48 mid=87533.48
2025-12-25 18:47:00,176 | INFO | trader.binance_spot_bbo | BBO BTCUSDT bid=87533.47 ask=87533.48 mid=87533.48
2025-12-25 18:47:00,178 | INFO | trader.binance_spot_bbo | BBO BTCUSDT bid=87533.47 ask=87533.48 mid=87533.48
2025-12-25 18:47:00,215 | INFO | trader.binance_spot_bbo | BBO BTCUSDT bid=87533.47 ask=87533.48 mid=87533.48
2025-12-25 18:47:00,265 | INFO | trader.binance_spot_bbo | BBO BTCUSDT bid=87533.47 ask=87533.48 mid=87533.48
2025-12-25 18:47:00,265 | INFO | trader.binance_spot_bbo | BBO BTCUSDT bid=87533.47 ask=87533.48 mid=87533.48
2025-12-25 18:47:00,266 | INFO | trader.binance_spot_bbo | BBO BTCUSDT bid=87533.47 ask=87533.48 mid=87533.48
2025-12-25 18:47:00,365 | INFO | trader.binance_spot_bbo | BBO BTCUSDT bid=87533.47 ask=87533.48 mid=87533.48
2025-12-25 18:47:00,367 | INFO | trader.binance_spot_bbo | BBO BTCUSDT bid=87533.47 ask=87533.48 mid=87533.48
2025-12-25 18:47:00,367 | INFO | trader.binance_spot_bbo | BBO BTCUSDT bid=87533.47 ask=87533.48 mid=87533.48
2025-12-25 18:47:00,368 | INFO | trader.binance_spot_bbo | BBO BTCUSDT bid=87533.47 ask=87533.48 mid=87533.48
2025-12-25 18:47:00,368 | INFO | trader.binance_spot_bbo | BBO BTCUSDT bid=87533.47 ask=87533.48 mid=87533.48
2025-12-25 18:47:00,444 | INFO | trader.binance_spot_bbo | BBO BTCUSDT bid=87533.47 ask=87533.48 mid=87533.48
2025-12-25 18:47:00,515 | INFO | trader.binance_spot_bbo | BBO BTCUSDT bid=87533.47 ask=87533.48 mid=87533.48
2025-12-25 18:47:00,516 | INFO | trader.binance_spot_bbo | BBO BTCUSDT bid=87533.47 ask=87533.48 mid=87533.48
2025-12-25 18:47:00,516 | INFO | trader.binance_spot_bbo | BBO BTCUSDT bid=87533.47 ask=87533.48 mid=87533.48
2025-12-25 18:47:00,517 | INFO | trader.binance_spot_bbo | BBO BTCUSDT bid=87533.47 ask=87533.48 mid=87533.48
2025-12-25 18:47:00,518 | INFO | trader.binance_spot_bbo | BBO BTCUSDT bid=87533.47 ask=87533.48 mid=87533.48
2025-12-25 18:47:00,616 | INFO | trader.binance_spot_bbo | BBO BTCUSDT bid=87533.47 ask=87533.48 mid=87533.48
2025-12-25 18:47:00,616 | INFO | trader.binance_spot_bbo | BBO BTCUSDT bid=87533.47 ask=87533.48 mid=87533.48
2025-12-25 18:47:00,618 | INFO | trader.binance_spot_bbo | BBO BTCUSDT bid=87533.47 ask=87533.48 mid=87533.48
2025-12-25 18:47:00,618 | INFO | trader.binance_spot_bbo | BBO BTCUSDT bid=87533.47 ask=87533.48 mid=87533.48
2025-12-25 18:47:00,618 | INFO | trader.binance_spot_bbo | BBO BTCUSDT bid=87533.47 ask=87533.48 mid=87533.48
2025-12-25 18:47:00,618 | INFO | trader.binance_spot_bbo | BBO BTCUSDT bid=87533.47 ask=87533.48 mid=87533.48
2025-12-25 18:47:00,808 | INFO | trader.binance_spot_bbo | BBO BTCUSDT bid=87533.47 ask=87533.48 mid=87533.48
2025-12-25 18:47:00,810 | INFO | trader.binance_spot_bbo | BBO BTCUSDT bid=87533.47 ask=87533.48 mid=87533.48
2025-12-25 18:47:00,810 | INFO | trader.binance_spot_bbo | BBO BTCUSDT bid=87533.47 ask=87533.48 mid=87533.48
2025-12-25 18:47:00,811 | INFO | trader.binance_spot_bbo | BBO BTCUSDT bid=87533.47 ask=87533.48 mid=87533.48
2025-12-25 18:47:00,812 | INFO | trader.binance_spot_bbo | BBO BTCUSDT bid=87533.47 ask=87533.48 mid=87533.48
2025-12-25 18:47:10,031 | INFO | trader.binance_spot_bbo | BBO BTCUSDT bid=87533.46 ask=87533.47 mid=87533.46
2025-12-25 18:47:10,034 | INFO | trader.binance_spot_bbo | BBO BTCUSDT bid=87533.46 ask=87533.47 mid=87533.46
2025-12-25 18:47:10,035 | INFO | trader.binance_spot_bbo | BBO BTCUSDT bid=87533.46 ask=87533.47 mid=87533.46
2025-12-25 18:47:10,035 | INFO | trader.binance_spot_bbo | BBO BTCUSDT bid=87533.46 ask=87533.47 mid=87533.46
2025-12-25 18:47:10,035 | INFO | trader.binance_spot_bbo | BBO BTCUSDT bid=87533.46 ask=87533.47 mid=87533.46
2025-12-25 18:47:10,036 | INFO | trader.binance_spot_bbo | BBO BTCUSDT bid=87533.46 ask=87533.47 mid=87533.46
2025-12-25 18:47:10,241 | INFO | trader.binance_spot_bbo | BBO BTCUSDT bid=87533.46 ask=87533.47 mid=87533.46
2025-12-25 18:47:10,243 | INFO | trader.binance_spot_bbo | BBO BTCUSDT bid=87533.46 ask=87533.47 mid=87533.46
2025-12-25 18:47:10,244 | INFO | trader.binance_spot_bbo | BBO BTCUSDT bid=87533.46 ask=87533.47 mid=87533.46
2025-12-25 18:47:10,244 | INFO | trader.binance_spot_bbo | BBO BTCUSDT bid=87533.46 ask=87533.47 mid=87533.46
2025-12-25 18:47:10,244 | INFO | trader.binance_spot_bbo | BBO BTCUSDT bid=87533.46 ask=87533.47 mid=87533.46
2025-12-25 18:47:10,245 | INFO | trader.binance_spot_bbo | BBO BTCUSDT bid=87533.46 ask=87533.47 mid=87533.46
2025-12-25 18:47:10,245 | INFO | trader.binance_spot_bbo | BBO BTCUSDT bid=87533.46 ask=87533.47 mid=87533.46
2025-12-25 18:47:10,251 | INFO | trader.binance_spot_bbo | BBO BTCUSDT bid=87533.46 ask=87533.47 mid=87533.46
2025-12-25 18:47:10,271 | INFO | trader.binance_spot_bbo | BBO BTCUSDT bid=87533.46 ask=87533.47 mid=87533.46
2025-12-25 18:47:10,273 | INFO | trader.binance_spot_bbo | BBO BTCUSDT bid=87533.46 ask=87533.47 mid=87533.46
2025-12-25 18:47:10,291 | INFO | trader.binance_spot_bbo | BBO BTCUSDT bid=87533.46 ask=87533.47 mid=87533.46
2025-12-25 18:47:10,307 | INFO | trader.binance_spot_bbo | BBO BTCUSDT bid=87533.46 ask=87533.47 mid=87533.46
2025-12-25 18:47:10,365 | INFO | trader.binance_spot_bbo | BBO BTCUSDT bid=87533.46 ask=87533.47 mid=87533.46
2025-12-25 18:47:10,368 | INFO | trader.binance_spot_bbo | BBO BTCUSDT bid=87533.46 ask=87533.47 mid=87533.46
2025-12-25 18:47:10,368 | INFO | trader.binance_spot_bbo | BBO BTCUSDT bid=87533.46 ask=87533.47 mid=87533.46
2025-12-25 18:47:10,369 | INFO | trader.binance_spot_bbo | BBO BTCUSDT bid=87533.46 ask=87533.47 mid=87533.46
2025-12-25 18:47:10,370 | INFO | trader.binance_spot_bbo | BBO BTCUSDT bid=87533.46 ask=87533.47 mid=87533.46
2025-12-25 18:47:10,371 | INFO | trader.binance_spot_bbo | BBO BTCUSDT bid=87533.46 ask=87533.47 mid=87533.46
2025-12-25 18:47:10,371 | INFO | trader.binance_spot_bbo | BBO BTCUSDT bid=87533.46 ask=87533.47 mid=87533.46
2025-12-25 18:47:10,372 | INFO | trader.binance_spot_bbo | BBO BTCUSDT bid=87533.46 ask=87533.47 mid=87533.46
2025-12-25 18:47:10,564 | INFO | trader.binance_spot_bbo | BBO BTCUSDT bid=87533.46 ask=87533.47 mid=87533.46
2025-12-25 18:47:10,569 | INFO | trader.binance_spot_bbo | BBO BTCUSDT bid=87533.46 ask=87533.47 mid=87533.46
2025-12-25 18:47:10,570 | INFO | trader.binance_spot_bbo | BBO BTCUSDT bid=87533.46 ask=87533.47 mid=87533.46
2025-12-25 18:47:10,570 | INFO | trader.binance_spot_bbo | BBO BTCUSDT bid=87533.46 ask=87533.47 mid=87533.46
2025-12-25 18:47:10,571 | INFO | trader.binance_spot_bbo | BBO BTCUSDT bid=87533.46 ask=87533.47 mid=87533.46
2025-12-25 18:47:10,572 | INFO | trader.binance_spot_bbo | BBO BTCUSDT bid=87533.46 ask=87533.47 mid=87533.46
2025-12-25 18:47:10,573 | INFO | trader.binance_spot_bbo | BBO BTCUSDT bid=87533.46 ask=87533.47 mid=87533.46
2025-12-25 18:47:10,612 | INFO | trader.binance_spot_bbo | BBO BTCUSDT bid=87533.46 ask=87533.47 mid=87533.46
2025-12-25 18:47:10,951 | INFO | trader.binance_spot_bbo | BBO BTCUSDT bid=87533.46 ask=87533.47 mid=87533.46
2025-12-25 18:47:10,953 | INFO | trader.binance_spot_bbo | BBO BTCUSDT bid=87533.46 ask=87533.47 mid=87533.46
2025-12-25 18:47:10,956 | INFO | trader.binance_spot_bbo | BBO BTCUSDT bid=87533.46 ask=87533.47 mid=87533.46
2025-12-25 18:47:10,960 | INFO | trader.binance_spot_bbo | BBO BTCUSDT bid=87533.46 ask=87533.47 mid=87533.46
2025-12-25 18:47:10,961 | INFO | trader.binance_spot_bbo | BBO BTCUSDT bid=87533.46 ask=87533.47 mid=87533.46
2025-12-25 18:47:10,962 | INFO | trader.binance_spot_bbo | BBO BTCUSDT bid=87533.46 ask=87533.47 mid=87533.46
2025-12-25 18:47:10,962 | INFO | trader.binance_spot_bbo | BBO BTCUSDT bid=87533.46 ask=87533.47 mid=87533.46
2025-12-25 18:47:10,980 | INFO | trader.binance_spot_bbo | BBO BTCUSDT bid=87533.46 ask=87533.47 mid=87533.46
2025-12-25 18:47:20,516 | INFO | trader.binance_spot_bbo | BBO BTCUSDT bid=87533.46 ask=87533.47 mid=87533.46
2025-12-25 18:47:20,518 | INFO | trader.binance_spot_bbo | BBO BTCUSDT bid=87533.46 ask=87533.47 mid=87533.46
2025-12-25 18:47:20,518 | INFO | trader.binance_spot_bbo | BBO BTCUSDT bid=87533.46 ask=87533.47 mid=87533.46
2025-12-25 18:47:20,519 | INFO | trader.binance_spot_bbo | BBO BTCUSDT bid=87533.46 ask=87533.47 mid=87533.46
2025-12-25 18:47:20,519 | INFO | trader.binance_spot_bbo | BBO BTCUSDT bid=87533.46 ask=87533.47 mid=87533.46
2025-12-25 18:47:20,519 | INFO | trader.binance_spot_bbo | BBO BTCUSDT bid=87533.46 ask=87533.47 mid=87533.46
2025-12-25 18:47:20,519 | INFO | trader.binance_spot_bbo | BBO BTCUSDT bid=87533.46 ask=87533.47 mid=87533.46
2025-12-25 18:47:20,520 | INFO | trader.binance_spot_bbo | BBO BTCUSDT bid=87533.46 ask=87533.47 mid=87533.46
2025-12-25 18:47:20,537 | INFO | trader.binance_spot_bbo | BBO BTCUSDT bid=87533.46 ask=87533.47 mid=87533.46
2025-12-25 18:47:20,539 | INFO | trader.binance_spot_bbo | BBO BTCUSDT bid=87533.46 ask=87533.47 mid=87533.46
2025-12-25 18:47:20,648 | INFO | trader.binance_spot_bbo | BBO BTCUSDT bid=87533.46 ask=87533.47 mid=87533.46
2025-12-25 18:47:20,657 | INFO | trader.binance_spot_bbo | BBO BTCUSDT bid=87533.46 ask=87533.47 mid=87533.46
2025-12-25 18:47:20,657 | INFO | trader.binance_spot_bbo | BBO BTCUSDT bid=87533.46 ask=87533.47 mid=87533.46
2025-12-25 18:47:20,659 | INFO | trader.binance_spot_bbo | BBO BTCUSDT bid=87533.46 ask=87533.47 mid=87533.46
2025-12-25 18:47:20,659 | INFO | trader.binance_spot_bbo | BBO BTCUSDT bid=87533.46 ask=87533.47 mid=87533.46
2025-12-25 18:47:20,659 | INFO | trader.binance_spot_bbo | BBO BTCUSDT bid=87533.46 ask=87533.47 mid=87533.46
2025-12-25 18:47:20,661 | INFO | trader.binance_spot_bbo | BBO BTCUSDT bid=87533.46 ask=87533.47 mid=87533.46
2025-12-25 18:47:20,661 | INFO | trader.binance_spot_bbo | BBO BTCUSDT bid=87533.46 ask=87533.47 mid=87533.46
2025-12-25 18:47:20,662 | INFO | trader.binance_spot_bbo | BBO BTCUSDT bid=87533.46 ask=87533.47 mid=87533.46
2025-12-25 18:47:20,663 | INFO | trader.binance_spot_bbo | BBO BTCUSDT bid=87533.46 ask=87533.47 mid=87533.46
2025-12-25 18:47:20,663 | INFO | trader.binance_spot_bbo | BBO BTCUSDT bid=87533.46 ask=87533.47 mid=87533.46
2025-12-25 18:47:20,705 | INFO | trader.binance_spot_bbo | BBO BTCUSDT bid=87533.46 ask=87533.47 mid=87533.46
2025-12-25 18:47:20,712 | INFO | trader.binance_spot_bbo | BBO BTCUSDT bid=87533.46 ask=87533.47 mid=87533.46
2025-12-25 18:47:20,745 | INFO | trader.binance_spot_bbo | BBO BTCUSDT bid=87533.46 ask=87533.47 mid=87533.46
2025-12-25 18:47:20,776 | INFO | trader.binance_spot_bbo | BBO BTCUSDT bid=87533.46 ask=87533.47 mid=87533.46
2025-12-25 18:47:20,783 | INFO | trader.binance_spot_bbo | BBO BTCUSDT bid=87533.46 ask=87533.47 mid=87533.46
2025-12-25 18:47:20,783 | INFO | trader.binance_spot_bbo | BBO BTCUSDT bid=87533.46 ask=87533.47 mid=87533.46
2025-12-25 18:47:20,784 | INFO | trader.binance_spot_bbo | BBO BTCUSDT bid=87533.46 ask=87533.47 mid=87533.46
2025-12-25 18:47:20,784 | INFO | trader.binance_spot_bbo | BBO BTCUSDT bid=87533.46 ask=87533.47 mid=87533.46
2025-12-25 18:47:20,788 | INFO | trader.binance_spot_bbo | BBO BTCUSDT bid=87533.46 ask=87533.47 mid=87533.46
2025-12-25 18:47:20,790 | INFO | trader.binance_spot_bbo | BBO BTCUSDT bid=87533.46 ask=87533.47 mid=87533.46
2025-12-25 18:47:20,795 | INFO | trader.binance_spot_bbo | BBO BTCUSDT bid=87533.46 ask=87533.47 mid=87533.46
2025-12-25 18:47:20,796 | INFO | trader.binance_spot_bbo | BBO BTCUSDT bid=87533.46 ask=87533.47 mid=87533.46
2025-12-25 18:47:20,866 | INFO | trader.binance_spot_bbo | BBO BTCUSDT bid=87533.46 ask=87533.47 mid=87533.46
2025-12-25 18:47:20,867 | INFO | trader.binance_spot_bbo | BBO BTCUSDT bid=87533.46 ask=87533.47 mid=87533.46
2025-12-25 18:47:20,966 | INFO | trader.binance_spot_bbo | BBO BTCUSDT bid=87533.46 ask=87533.47 mid=87533.46
2025-12-25 18:47:20,972 | INFO | trader.binance_spot_bbo | BBO BTCUSDT bid=87533.46 ask=87533.47 mid=87533.46
2025-12-25 18:47:20,973 | INFO | trader.binance_spot_bbo | BBO BTCUSDT bid=87533.46 ask=87533.47 mid=87533.46
2025-12-25 18:47:20,975 | INFO | trader.binance_spot_bbo | BBO BTCUSDT bid=87533.46 ask=87533.47 mid=87533.46
2025-12-25 18:47:20,985 | INFO | trader.binance_spot_bbo | BBO BTCUSDT bid=87533.46 ask=87533.47 mid=87533.46
2025-12-25 18:47:20,987 | INFO | trader.binance_spot_bbo | BBO BTCUSDT bid=87533.46 ask=87533.47 mid=87533.46
2025-12-25 18:47:20,988 | INFO | trader.binance_spot_bbo | BBO BTCUSDT bid=87533.46 ask=87533.47 mid=87533.46
2025-12-25 18:47:20,989 | INFO | trader.binance_spot_bbo | BBO BTCUSDT bid=87533.46 ask=87533.47 mid=87533.46
2025-12-25 18:47:20,999 | INFO | trader.binance_spot_bbo | BBO BTCUSDT bid=87533.46 ask=87533.47 mid=87533.46
2025-12-25 18:47:30,404 | INFO | trader.binance_spot_bbo | BBO BTCUSDT bid=87521.88 ask=87521.89 mid=87521.89
2025-12-25 18:47:30,405 | INFO | trader.binance_spot_bbo | BBO BTCUSDT bid=87521.88 ask=87521.89 mid=87521.89
2025-12-25 18:47:30,406 | INFO | trader.binance_spot_bbo | BBO BTCUSDT bid=87521.88 ask=87521.89 mid=87521.89
2025-12-25 18:47:30,425 | INFO | trader.binance_spot_bbo | BBO BTCUSDT bid=87521.88 ask=87521.89 mid=87521.89
2025-12-25 18:47:30,638 | INFO | trader.binance_spot_bbo | BBO BTCUSDT bid=87521.88 ask=87521.89 mid=87521.89
2025-12-25 18:47:30,640 | INFO | trader.binance_spot_bbo | BBO BTCUSDT bid=87521.88 ask=87521.89 mid=87521.89
2025-12-25 18:47:30,640 | INFO | trader.binance_spot_bbo | BBO BTCUSDT bid=87521.88 ask=87521.89 mid=87521.89
2025-12-25 18:47:30,641 | INFO | trader.binance_spot_bbo | BBO BTCUSDT bid=87521.88 ask=87521.89 mid=87521.89
2025-12-25 18:47:30,641 | INFO | trader.binance_spot_bbo | BBO BTCUSDT bid=87521.88 ask=87521.89 mid=87521.89
2025-12-25 18:47:30,817 | INFO | trader.binance_spot_bbo | BBO BTCUSDT bid=87521.88 ask=87521.89 mid=87521.89
2025-12-25 18:47:30,818 | INFO | trader.binance_spot_bbo | BBO BTCUSDT bid=87521.88 ask=87521.89 mid=87521.89
2025-12-25 18:47:30,818 | INFO | trader.binance_spot_bbo | BBO BTCUSDT bid=87521.88 ask=87521.89 mid=87521.89
2025-12-25 18:47:30,819 | INFO | trader.binance_spot_bbo | BBO BTCUSDT bid=87521.88 ask=87521.89 mid=87521.89
2025-12-25 18:47:30,819 | INFO | trader.binance_spot_bbo | BBO BTCUSDT bid=87521.88 ask=87521.89 mid=87521.89
2025-12-25 18:47:40,026 | INFO | trader.binance_spot_bbo | BBO BTCUSDT bid=87521.88 ask=87521.89 mid=87521.89
2025-12-25 18:47:40,030 | INFO | trader.binance_spot_bbo | BBO BTCUSDT bid=87521.88 ask=87521.89 mid=87521.89
2025-12-25 18:47:40,030 | INFO | trader.binance_spot_bbo | BBO BTCUSDT bid=87521.88 ask=87521.89 mid=87521.89
2025-12-25 18:47:40,032 | INFO | trader.binance_spot_bbo | BBO BTCUSDT bid=87521.88 ask=87521.89 mid=87521.89
2025-12-25 18:47:40,032 | INFO | trader.binance_spot_bbo | BBO BTCUSDT bid=87521.88 ask=87521.89 mid=87521.89
2025-12-25 18:47:40,106 | INFO | trader.binance_spot_bbo | BBO BTCUSDT bid=87521.88 ask=87521.89 mid=87521.89
2025-12-25 18:47:40,130 | INFO | trader.binance_spot_bbo | BBO BTCUSDT bid=87521.88 ask=87521.89 mid=87521.89
2025-12-25 18:47:40,132 | INFO | trader.binance_spot_bbo | BBO BTCUSDT bid=87521.88 ask=87521.89 mid=87521.89
2025-12-25 18:47:40,133 | INFO | trader.binance_spot_bbo | BBO BTCUSDT bid=87521.88 ask=87521.89 mid=87521.89
2025-12-25 18:47:40,134 | INFO | trader.binance_spot_bbo | BBO BTCUSDT bid=87521.88 ask=87521.89 mid=87521.89
2025-12-25 18:47:40,135 | INFO | trader.binance_spot_bbo | BBO BTCUSDT bid=87521.88 ask=87521.89 mid=87521.89
2025-12-25 18:47:40,179 | INFO | trader.binance_spot_bbo | BBO BTCUSDT bid=87521.88 ask=87521.89 mid=87521.89
2025-12-25 18:47:40,443 | INFO | trader.binance_spot_bbo | BBO BTCUSDT bid=87521.88 ask=87521.89 mid=87521.89
2025-12-25 18:47:40,446 | INFO | trader.binance_spot_bbo | BBO BTCUSDT bid=87521.88 ask=87521.89 mid=87521.89
2025-12-25 18:47:40,447 | INFO | trader.binance_spot_bbo | BBO BTCUSDT bid=87521.88 ask=87521.89 mid=87521.89
2025-12-25 18:47:40,448 | INFO | trader.binance_spot_bbo | BBO BTCUSDT bid=87521.88 ask=87521.89 mid=87521.89
2025-12-25 18:47:40,450 | INFO | trader.binance_spot_bbo | BBO BTCUSDT bid=87521.88 ask=87521.89 mid=87521.89
2025-12-25 18:47:40,500 | INFO | trader.binance_spot_bbo | BBO BTCUSDT bid=87521.88 ask=87521.89 mid=87521.89
2025-12-25 18:47:40,588 | INFO | trader.binance_spot_bbo | BBO BTCUSDT bid=87521.88 ask=87521.89 mid=87521.89
2025-12-25 18:47:40,594 | INFO | trader.binance_spot_bbo | BBO BTCUSDT bid=87521.88 ask=87521.89 mid=87521.89
2025-12-25 18:47:40,595 | INFO | trader.binance_spot_bbo | BBO BTCUSDT bid=87521.88 ask=87521.89 mid=87521.89
2025-12-25 18:47:40,596 | INFO | trader.binance_spot_bbo | BBO BTCUSDT bid=87521.88 ask=87521.89 mid=87521.89
2025-12-25 18:47:40,597 | INFO | trader.binance_spot_bbo | BBO BTCUSDT bid=87521.88 ask=87521.89 mid=87521.89
2025-12-25 18:47:40,802 | INFO | trader.binance_spot_bbo | BBO BTCUSDT bid=87521.88 ask=87521.89 mid=87521.89
2025-12-25 18:47:40,804 | INFO | trader.binance_spot_bbo | BBO BTCUSDT bid=87521.88 ask=87521.89 mid=87521.89
2025-12-25 18:47:40,804 | INFO | trader.binance_spot_bbo | BBO BTCUSDT bid=87521.88 ask=87521.89 mid=87521.89
2025-12-25 18:47:40,805 | INFO | trader.binance_spot_bbo | BBO BTCUSDT bid=87521.88 ask=87521.89 mid=87521.89
2025-12-25 18:47:40,806 | INFO | trader.binance_spot_bbo | BBO BTCUSDT bid=87521.88 ask=87521.89 mid=87521.89
2025-12-25 18:47:40,970 | INFO | trader.binance_spot_bbo | BBO BTCUSDT bid=87521.88 ask=87521.89 mid=87521.89
2025-12-25 18:47:40,971 | INFO | trader.binance_spot_bbo | BBO BTCUSDT bid=87521.88 ask=87521.89 mid=87521.89
2025-12-25 18:47:40,972 | INFO | trader.binance_spot_bbo | BBO BTCUSDT bid=87521.88 ask=87521.89 mid=87521.89
2025-12-25 18:47:40,974 | INFO | trader.binance_spot_bbo | BBO BTCUSDT bid=87521.88 ask=87521.89 mid=87521.89
2025-12-25 18:47:40,974 | INFO | trader.binance_spot_bbo | BBO BTCUSDT bid=87521.88 ask=87521.89 mid=87521.89
2025-12-25 18:47:40,975 | INFO | trader.binance_spot_bbo | BBO BTCUSDT bid=87521.88 ask=87521.89 mid=87521.89
2025-12-25 18:47:50,140 | INFO | trader.binance_spot_bbo | BBO BTCUSDT bid=87515.89 ask=87515.90 mid=87515.89
2025-12-25 18:47:50,144 | INFO | trader.binance_spot_bbo | BBO BTCUSDT bid=87515.89 ask=87515.90 mid=87515.89
2025-12-25 18:47:50,145 | INFO | trader.binance_spot_bbo | BBO BTCUSDT bid=87515.89 ask=87515.90 mid=87515.89
2025-12-25 18:47:50,325 | INFO | trader.binance_spot_bbo | BBO BTCUSDT bid=87515.89 ask=87515.90 mid=87515.89
2025-12-25 18:47:50,326 | INFO | trader.binance_spot_bbo | BBO BTCUSDT bid=87515.89 ask=87515.90 mid=87515.89
2025-12-25 18:47:50,327 | INFO | trader.binance_spot_bbo | BBO BTCUSDT bid=87515.89 ask=87515.90 mid=87515.89
2025-12-25 18:47:50,335 | INFO | trader.binance_spot_bbo | BBO BTCUSDT bid=87515.89 ask=87515.90 mid=87515.89
2025-12-25 18:47:50,377 | INFO | trader.binance_spot_bbo | BBO BTCUSDT bid=87515.89 ask=87515.90 mid=87515.89
2025-12-25 18:47:50,481 | INFO | trader.binance_spot_bbo | BBO BTCUSDT bid=87515.89 ask=87515.90 mid=87515.89
2025-12-25 18:47:50,483 | INFO | trader.binance_spot_bbo | BBO BTCUSDT bid=87515.89 ask=87515.90 mid=87515.89
2025-12-25 18:47:50,485 | INFO | trader.binance_spot_bbo | BBO BTCUSDT bid=87515.89 ask=87515.90 mid=87515.89
2025-12-25 18:47:50,490 | INFO | trader.binance_spot_bbo | BBO BTCUSDT bid=87515.89 ask=87515.90 mid=87515.89
2025-12-25 18:47:50,502 | INFO | trader.binance_spot_bbo | BBO BTCUSDT bid=87515.89 ask=87515.90 mid=87515.89
2025-12-25 18:47:50,628 | INFO | trader.binance_spot_bbo | BBO BTCUSDT bid=87515.89 ask=87515.90 mid=87515.89
2025-12-25 18:47:50,630 | INFO | trader.binance_spot_bbo | BBO BTCUSDT bid=87515.89 ask=87515.90 mid=87515.89
2025-12-25 18:47:50,631 | INFO | trader.binance_spot_bbo | BBO BTCUSDT bid=87515.89 ask=87515.90 mid=87515.89
2025-12-25 18:47:50,641 | INFO | trader.binance_spot_bbo | BBO BTCUSDT bid=87515.89 ask=87515.90 mid=87515.89
2025-12-25 18:47:50,663 | INFO | trader.binance_spot_bbo | BBO BTCUSDT bid=87515.89 ask=87515.90 mid=87515.89
2025-12-25 18:47:50,666 | INFO | trader.binance_spot_bbo | BBO BTCUSDT bid=87515.89 ask=87515.90 mid=87515.89
2025-12-25 18:47:50,666 | INFO | trader.binance_spot_bbo | BBO BTCUSDT bid=87515.89 ask=87515.90 mid=87515.89
2025-12-25 18:47:50,666 | INFO | trader.binance_spot_bbo | BBO BTCUSDT bid=87515.89 ask=87515.90 mid=87515.89
2025-12-25 18:47:50,667 | INFO | trader.binance_spot_bbo | BBO BTCUSDT bid=87515.89 ask=87515.90 mid=87515.89
2025-12-25 18:47:50,668 | INFO | trader.binance_spot_bbo | BBO BTCUSDT bid=87515.89 ask=87515.90 mid=87515.89
2025-12-25 18:47:50,669 | INFO | trader.binance_spot_bbo | BBO BTCUSDT bid=87515.89 ask=87515.90 mid=87515.89
2025-12-25 18:47:50,669 | INFO | trader.binance_spot_bbo | BBO BTCUSDT bid=87515.89 ask=87515.90 mid=87515.89
2025-12-25 18:47:50,673 | INFO | trader.binance_spot_bbo | BBO BTCUSDT bid=87515.89 ask=87515.90 mid=87515.89
2025-12-25 18:47:50,674 | INFO | trader.binance_spot_bbo | BBO BTCUSDT bid=87515.89 ask=87515.90 mid=87515.89
2025-12-25 18:47:50,674 | INFO | trader.binance_spot_bbo | BBO BTCUSDT bid=87515.89 ask=87515.90 mid=87515.89
2025-12-25 18:47:50,675 | INFO | trader.binance_spot_bbo | BBO BTCUSDT bid=87515.89 ask=87515.90 mid=87515.89
2025-12-25 18:47:50,681 | INFO | trader.binance_spot_bbo | BBO BTCUSDT bid=87515.89 ask=87515.90 mid=87515.89
2025-12-25 18:47:50,689 | INFO | trader.binance_spot_bbo | BBO BTCUSDT bid=87515.89 ask=87515.90 mid=87515.89
2025-12-25 18:47:50,690 | INFO | trader.binance_spot_bbo | BBO BTCUSDT bid=87515.89 ask=87515.90 mid=87515.89
2025-12-25 18:47:50,690 | INFO | trader.binance_spot_bbo | BBO BTCUSDT bid=87515.89 ask=87515.90 mid=87515.89
2025-12-25 18:47:50,690 | INFO | trader.binance_spot_bbo | BBO BTCUSDT bid=87515.89 ask=87515.90 mid=87515.89
2025-12-25 18:47:50,691 | INFO | trader.binance_spot_bbo | BBO BTCUSDT bid=87515.89 ask=87515.90 mid=87515.89
2025-12-25 18:47:50,693 | INFO | trader.binance_spot_bbo | BBO BTCUSDT bid=87515.89 ask=87515.90 mid=87515.89
2025-12-25 18:47:50,694 | INFO | trader.binance_spot_bbo | BBO BTCUSDT bid=87515.89 ask=87515.90 mid=87515.89
2025-12-25 18:47:50,694 | INFO | trader.binance_spot_bbo | BBO BTCUSDT bid=87515.89 ask=87515.90 mid=87515.89
2025-12-25 18:47:50,694 | INFO | trader.binance_spot_bbo | BBO BTCUSDT bid=87515.89 ask=87515.90 mid=87515.89
2025-12-25 18:47:50,695 | INFO | trader.binance_spot_bbo | BBO BTCUSDT bid=87515.89 ask=87515.90 mid=87515.89
2025-12-25 18:47:50,696 | INFO | trader.binance_spot_bbo | BBO BTCUSDT bid=87515.89 ask=87515.90 mid=87515.89
2025-12-25 18:47:50,696 | INFO | trader.binance_spot_bbo | BBO BTCUSDT bid=87515.89 ask=87515.90 mid=87515.89
2025-12-25 18:47:50,697 | INFO | trader.binance_spot_bbo | BBO BTCUSDT bid=87515.89 ask=87515.90 mid=87515.89
2025-12-25 18:47:50,744 | INFO | trader.binance_spot_bbo | BBO BTCUSDT bid=87515.89 ask=87515.90 mid=87515.89
2025-12-25 18:47:50,746 | INFO | trader.binance_spot_bbo | BBO BTCUSDT bid=87515.89 ask=87515.90 mid=87515.89
2025-12-25 18:47:50,747 | INFO | trader.binance_spot_bbo | BBO BTCUSDT bid=87515.89 ask=87515.90 mid=87515.89
2025-12-25 18:47:50,768 | INFO | trader.binance_spot_bbo | BBO BTCUSDT bid=87515.89 ask=87515.90 mid=87515.89
2025-12-25 18:47:50,855 | INFO | trader.binance_spot_bbo | BBO BTCUSDT bid=87515.89 ask=87515.90 mid=87515.89
2025-12-25 18:47:50,857 | INFO | trader.binance_spot_bbo | BBO BTCUSDT bid=87515.89 ask=87515.90 mid=87515.89
2025-12-25 18:47:50,858 | INFO | trader.binance_spot_bbo | BBO BTCUSDT bid=87515.89 ask=87515.90 mid=87515.89
2025-12-25 18:47:50,859 | INFO | trader.binance_spot_bbo | BBO BTCUSDT bid=87515.89 ask=87515.90 mid=87515.89
2025-12-25 18:47:50,860 | INFO | trader.binance_spot_bbo | BBO BTCUSDT bid=87515.89 ask=87515.90 mid=87515.89
2025-12-25 18:47:50,861 | INFO | trader.binance_spot_bbo | BBO BTCUSDT bid=87515.89 ask=87515.90 mid=87515.89
2025-12-25 18:47:50,862 | INFO | trader.binance_spot_bbo | BBO BTCUSDT bid=87515.89 ask=87515.90 mid=87515.89
2025-12-25 18:47:50,863 | INFO | trader.binance_spot_bbo | BBO BTCUSDT bid=87515.89 ask=87515.90 mid=87515.89
2025-12-25 18:47:50,864 | INFO | trader.binance_spot_bbo | BBO BTCUSDT bid=87515.89 ask=87515.90 mid=87515.89
2025-12-25 18:47:50,865 | INFO | trader.binance_spot_bbo | BBO BTCUSDT bid=87515.89 ask=87515.90 mid=87515.89
2025-12-25 18:47:50,918 | INFO | trader.binance_spot_bbo | BBO BTCUSDT bid=87515.89 ask=87515.90 mid=87515.89
2025-12-25 18:47:50,932 | INFO | trader.binance_spot_bbo | BBO BTCUSDT bid=87515.89 ask=87515.90 mid=87515.89
2025-12-25 18:47:50,977 | INFO | trader.binance_spot_bbo | BBO BTCUSDT bid=87515.89 ask=87515.90 mid=87515.89
2025-12-25 18:47:50,979 | INFO | trader.binance_spot_bbo | BBO BTCUSDT bid=87515.89 ask=87515.90 mid=87515.89
2025-12-25 18:47:50,980 | INFO | trader.binance_spot_bbo | BBO BTCUSDT bid=87515.89 ask=87515.90 mid=87515.89
2025-12-25 18:48:00,011 | INFO | trader.binance_spot_bbo | BBO BTCUSDT bid=87490.85 ask=87490.86 mid=87490.86
2025-12-25 18:48:00,017 | INFO | trader.binance_spot_bbo | BBO BTCUSDT bid=87490.85 ask=87490.86 mid=87490.86
2025-12-25 18:48:00,018 | INFO | trader.binance_spot_bbo | BBO BTCUSDT bid=87490.85 ask=87490.86 mid=87490.86
2025-12-25 18:48:00,018 | INFO | trader.binance_spot_bbo | BBO BTCUSDT bid=87490.85 ask=87490.86 mid=87490.86
2025-12-25 18:48:00,021 | INFO | trader.binance_spot_bbo | BBO BTCUSDT bid=87490.85 ask=87490.86 mid=87490.86
2025-12-25 18:48:00,022 | INFO | trader.binance_spot_bbo | BBO BTCUSDT bid=87490.85 ask=87490.86 mid=87490.86
2025-12-25 18:48:00,022 | INFO | trader.binance_spot_bbo | BBO BTCUSDT bid=87490.85 ask=87490.86 mid=87490.86
2025-12-25 18:48:00,026 | INFO | trader.binance_spot_bbo | BBO BTCUSDT bid=87490.85 ask=87490.86 mid=87490.86
2025-12-25 18:48:00,027 | INFO | trader.binance_spot_bbo | BBO BTCUSDT bid=87490.85 ask=87490.86 mid=87490.86
2025-12-25 18:48:00,027 | INFO | trader.binance_spot_bbo | BBO BTCUSDT bid=87490.85 ask=87490.86 mid=87490.86
2025-12-25 18:48:00,027 | INFO | trader.binance_spot_bbo | BBO BTCUSDT bid=87490.85 ask=87490.86 mid=87490.86
2025-12-25 18:48:00,077 | INFO | trader.binance_spot_bbo | BBO BTCUSDT bid=87490.85 ask=87490.86 mid=87490.86
2025-12-25 18:48:00,078 | INFO | trader.binance_spot_bbo | BBO BTCUSDT bid=87490.85 ask=87490.86 mid=87490.86
2025-12-25 18:48:00,078 | INFO | trader.binance_spot_bbo | BBO BTCUSDT bid=87490.85 ask=87490.86 mid=87490.86
2025-12-25 18:48:00,081 | INFO | trader.binance_spot_bbo | BBO BTCUSDT bid=87490.85 ask=87490.86 mid=87490.86
2025-12-25 18:48:00,084 | INFO | trader.binance_spot_bbo | BBO BTCUSDT bid=87490.85 ask=87490.86 mid=87490.86
2025-12-25 18:48:00,086 | INFO | trader.binance_spot_bbo | BBO BTCUSDT bid=87490.85 ask=87490.86 mid=87490.86
2025-12-25 18:48:00,086 | INFO | trader.binance_spot_bbo | BBO BTCUSDT bid=87490.85 ask=87490.86 mid=87490.86
2025-12-25 18:48:00,087 | INFO | trader.binance_spot_bbo | BBO BTCUSDT bid=87490.85 ask=87490.86 mid=87490.86
2025-12-25 18:48:00,087 | INFO | trader.binance_spot_bbo | BBO BTCUSDT bid=87490.85 ask=87490.86 mid=87490.86
2025-12-25 18:48:00,097 | INFO | trader.binance_spot_bbo | BBO BTCUSDT bid=87490.85 ask=87490.86 mid=87490.86
2025-12-25 18:48:00,118 | INFO | trader.binance_spot_bbo | BBO BTCUSDT bid=87490.85 ask=87490.86 mid=87490.86
2025-12-25 18:48:00,119 | INFO | trader.binance_spot_bbo | BBO BTCUSDT bid=87490.85 ask=87490.86 mid=87490.86
2025-12-25 18:48:00,119 | INFO | trader.binance_spot_bbo | BBO BTCUSDT bid=87490.85 ask=87490.86 mid=87490.86
2025-12-25 18:48:00,120 | INFO | trader.binance_spot_bbo | BBO BTCUSDT bid=87490.85 ask=87490.86 mid=87490.86
2025-12-25 18:48:00,120 | INFO | trader.binance_spot_bbo | BBO BTCUSDT bid=87490.85 ask=87490.86 mid=87490.86
2025-12-25 18:48:00,120 | INFO | trader.binance_spot_bbo | BBO BTCUSDT bid=87490.85 ask=87490.86 mid=87490.86
2025-12-25 18:48:00,120 | INFO | trader.binance_spot_bbo | BBO BTCUSDT bid=87490.85 ask=87490.86 mid=87490.86
2025-12-25 18:48:00,120 | INFO | trader.binance_spot_bbo | BBO BTCUSDT bid=87490.85 ask=87490.86 mid=87490.86
2025-12-25 18:48:00,120 | INFO | trader.binance_spot_bbo | BBO BTCUSDT bid=87490.85 ask=87490.86 mid=87490.86
2025-12-25 18:48:00,121 | INFO | trader.binance_spot_bbo | BBO BTCUSDT bid=87490.85 ask=87490.86 mid=87490.86
2025-12-25 18:48:00,121 | INFO | trader.binance_spot_bbo | BBO BTCUSDT bid=87490.85 ask=87490.86 mid=87490.86
2025-12-25 18:48:00,121 | INFO | trader.binance_spot_bbo | BBO BTCUSDT bid=87490.85 ask=87490.86 mid=87490.86
2025-12-25 18:48:00,123 | INFO | trader.binance_spot_bbo | BBO BTCUSDT bid=87490.85 ask=87490.86 mid=87490.86
2025-12-25 18:48:00,123 | INFO | trader.binance_spot_bbo | BBO BTCUSDT bid=87490.85 ask=87490.86 mid=87490.86
2025-12-25 18:48:00,123 | INFO | trader.binance_spot_bbo | BBO BTCUSDT bid=87490.85 ask=87490.86 mid=87490.86
2025-12-25 18:48:00,125 | INFO | trader.binance_spot_bbo | BBO BTCUSDT bid=87490.85 ask=87490.86 mid=87490.86
2025-12-25 18:48:00,125 | INFO | trader.binance_spot_bbo | BBO BTCUSDT bid=87490.85 ask=87490.86 mid=87490.86
2025-12-25 18:48:00,126 | INFO | trader.binance_spot_bbo | BBO BTCUSDT bid=87490.85 ask=87490.86 mid=87490.86
2025-12-25 18:48:00,126 | INFO | trader.binance_spot_bbo | BBO BTCUSDT bid=87490.85 ask=87490.86 mid=87490.86
2025-12-25 18:48:00,126 | INFO | trader.binance_spot_bbo | BBO BTCUSDT bid=87490.85 ask=87490.86 mid=87490.86
2025-12-25 18:48:00,126 | INFO | trader.binance_spot_bbo | BBO BTCUSDT bid=87490.85 ask=87490.86 mid=87490.86
2025-12-25 18:48:00,126 | INFO | trader.binance_spot_bbo | BBO BTCUSDT bid=87490.85 ask=87490.86 mid=87490.86
2025-12-25 18:48:00,126 | INFO | trader.binance_spot_bbo | BBO BTCUSDT bid=87490.85 ask=87490.86 mid=87490.86
2025-12-25 18:48:00,126 | INFO | trader.binance_spot_bbo | BBO BTCUSDT bid=87490.85 ask=87490.86 mid=87490.86
2025-12-25 18:48:00,126 | INFO | trader.binance_spot_bbo | BBO BTCUSDT bid=87490.85 ask=87490.86 mid=87490.86
2025-12-25 18:48:00,127 | INFO | trader.binance_spot_bbo | BBO BTCUSDT bid=87490.85 ask=87490.86 mid=87490.86
2025-12-25 18:48:00,127 | INFO | trader.binance_spot_bbo | BBO BTCUSDT bid=87490.85 ask=87490.86 mid=87490.86
2025-12-25 18:48:00,127 | INFO | trader.binance_spot_bbo | BBO BTCUSDT bid=87490.85 ask=87490.86 mid=87490.86
2025-12-25 18:48:00,127 | INFO | trader.binance_spot_bbo | BBO BTCUSDT bid=87490.85 ask=87490.86 mid=87490.86
2025-12-25 18:48:00,135 | INFO | trader.binance_spot_bbo | BBO BTCUSDT bid=87490.85 ask=87490.86 mid=87490.86
2025-12-25 18:48:00,136 | INFO | trader.binance_spot_bbo | BBO BTCUSDT bid=87490.85 ask=87490.86 mid=87490.86
2025-12-25 18:48:00,136 | INFO | trader.binance_spot_bbo | BBO BTCUSDT bid=87490.85 ask=87490.86 mid=87490.86
2025-12-25 18:48:00,136 | INFO | trader.binance_spot_bbo | BBO BTCUSDT bid=87490.85 ask=87490.86 mid=87490.86
2025-12-25 18:48:00,137 | INFO | trader.binance_spot_bbo | BBO BTCUSDT bid=87490.85 ask=87490.86 mid=87490.86
2025-12-25 18:48:00,137 | INFO | trader.binance_spot_bbo | BBO BTCUSDT bid=87490.85 ask=87490.86 mid=87490.86
2025-12-25 18:48:00,137 | INFO | trader.binance_spot_bbo | BBO BTCUSDT bid=87490.85 ask=87490.86 mid=87490.86
2025-12-25 18:48:00,137 | INFO | trader.binance_spot_bbo | BBO BTCUSDT bid=87490.85 ask=87490.86 mid=87490.86
2025-12-25 18:48:00,137 | INFO | trader.binance_spot_bbo | BBO BTCUSDT bid=87490.85 ask=87490.86 mid=87490.86
2025-12-25 18:48:00,138 | INFO | trader.binance_spot_bbo | BBO BTCUSDT bid=87490.85 ask=87490.86 mid=87490.86
2025-12-25 18:48:00,138 | INFO | trader.binance_spot_bbo | BBO BTCUSDT bid=87490.85 ask=87490.86 mid=87490.86
2025-12-25 18:48:00,138 | INFO | trader.binance_spot_bbo | BBO BTCUSDT bid=87490.85 ask=87490.86 mid=87490.86
2025-12-25 18:48:00,138 | INFO | trader.binance_spot_bbo | BBO BTCUSDT bid=87490.85 ask=87490.86 mid=87490.86
2025-12-25 18:48:00,138 | INFO | trader.binance_spot_bbo | BBO BTCUSDT bid=87490.85 ask=87490.86 mid=87490.86
2025-12-25 18:48:00,138 | INFO | trader.binance_spot_bbo | BBO BTCUSDT bid=87490.85 ask=87490.86 mid=87490.86
2025-12-25 18:48:00,138 | INFO | trader.binance_spot_bbo | BBO BTCUSDT bid=87490.85 ask=87490.86 mid=87490.86
2025-12-25 18:48:00,139 | INFO | trader.binance_spot_bbo | BBO BTCUSDT bid=87490.85 ask=87490.86 mid=87490.86
2025-12-25 18:48:00,139 | INFO | trader.binance_spot_bbo | BBO BTCUSDT bid=87490.85 ask=87490.86 mid=87490.86
2025-12-25 18:48:00,139 | INFO | trader.binance_spot_bbo | BBO BTCUSDT bid=87490.85 ask=87490.86 mid=87490.86
2025-12-25 18:48:00,139 | INFO | trader.binance_spot_bbo | BBO BTCUSDT bid=87490.85 ask=87490.86 mid=87490.86
2025-12-25 18:48:00,139 | INFO | trader.binance_spot_bbo | BBO BTCUSDT bid=87490.85 ask=87490.86 mid=87490.86
2025-12-25 18:48:00,139 | INFO | trader.binance_spot_bbo | BBO BTCUSDT bid=87490.85 ask=87490.86 mid=87490.86
2025-12-25 18:48:00,139 | INFO | trader.binance_spot_bbo | BBO BTCUSDT bid=87490.85 ask=87490.86 mid=87490.86
2025-12-25 18:48:00,139 | INFO | trader.binance_spot_bbo | BBO BTCUSDT bid=87490.85 ask=87490.86 mid=87490.86
2025-12-25 18:48:00,139 | INFO | trader.binance_spot_bbo | BBO BTCUSDT bid=87490.85 ask=87490.86 mid=87490.86
2025-12-25 18:48:00,140 | INFO | trader.binance_spot_bbo | BBO BTCUSDT bid=87490.85 ask=87490.86 mid=87490.86
2025-12-25 18:48:00,140 | INFO | trader.binance_spot_bbo | BBO BTCUSDT bid=87490.85 ask=87490.86 mid=87490.86
2025-12-25 18:48:00,140 | INFO | trader.binance_spot_bbo | BBO BTCUSDT bid=87490.85 ask=87490.86 mid=87490.86
2025-12-25 18:48:00,142 | INFO | trader.binance_spot_bbo | BBO BTCUSDT bid=87490.85 ask=87490.86 mid=87490.86
2025-12-25 18:48:00,142 | INFO | trader.binance_spot_bbo | BBO BTCUSDT bid=87490.85 ask=87490.86 mid=87490.86
2025-12-25 18:48:00,144 | INFO | trader.binance_spot_bbo | BBO BTCUSDT bid=87490.85 ask=87490.86 mid=87490.86
2025-12-25 18:48:00,144 | INFO | trader.binance_spot_bbo | BBO BTCUSDT bid=87490.85 ask=87490.86 mid=87490.86
2025-12-25 18:48:00,144 | INFO | trader.binance_spot_bbo | BBO BTCUSDT bid=87490.85 ask=87490.86 mid=87490.86
2025-12-25 18:48:00,144 | INFO | trader.binance_spot_bbo | BBO BTCUSDT bid=87490.85 ask=87490.86 mid=87490.86
2025-12-25 18:48:00,147 | INFO | trader.binance_spot_bbo | BBO BTCUSDT bid=87490.85 ask=87490.86 mid=87490.86
2025-12-25 18:48:00,147 | INFO | trader.binance_spot_bbo | BBO BTCUSDT bid=87490.85 ask=87490.86 mid=87490.86
2025-12-25 18:48:00,148 | INFO | trader.binance_spot_bbo | BBO BTCUSDT bid=87490.85 ask=87490.86 mid=87490.86
2025-12-25 18:48:00,148 | INFO | trader.binance_spot_bbo | BBO BTCUSDT bid=87490.85 ask=87490.86 mid=87490.86
2025-12-25 18:48:00,148 | INFO | trader.binance_spot_bbo | BBO BTCUSDT bid=87490.85 ask=87490.86 mid=87490.86
2025-12-25 18:48:00,148 | INFO | trader.binance_spot_bbo | BBO BTCUSDT bid=87490.85 ask=87490.86 mid=87490.86
2025-12-25 18:48:00,148 | INFO | trader.binance_spot_bbo | BBO BTCUSDT bid=87490.85 ask=87490.86 mid=87490.86
2025-12-25 18:48:00,148 | INFO | trader.binance_spot_bbo | BBO BTCUSDT bid=87490.85 ask=87490.86 mid=87490.86
2025-12-25 18:48:00,148 | INFO | trader.binance_spot_bbo | BBO BTCUSDT bid=87490.85 ask=87490.86 mid=87490.86
2025-12-25 18:48:00,148 | INFO | trader.binance_spot_bbo | BBO BTCUSDT bid=87490.85 ask=87490.86 mid=87490.86
2025-12-25 18:48:00,149 | INFO | trader.binance_spot_bbo | BBO BTCUSDT bid=87490.85 ask=87490.86 mid=87490.86
2025-12-25 18:48:00,149 | INFO | trader.binance_spot_bbo | BBO BTCUSDT bid=87490.85 ask=87490.86 mid=87490.86
2025-12-25 18:48:00,149 | INFO | trader.binance_spot_bbo | BBO BTCUSDT bid=87490.85 ask=87490.86 mid=87490.86
2025-12-25 18:48:00,149 | INFO | trader.binance_spot_bbo | BBO BTCUSDT bid=87490.85 ask=87490.86 mid=87490.86
2025-12-25 18:48:00,149 | INFO | trader.binance_spot_bbo | BBO BTCUSDT bid=87490.85 ask=87490.86 mid=87490.86
2025-12-25 18:48:00,149 | INFO | trader.binance_spot_bbo | BBO BTCUSDT bid=87490.85 ask=87490.86 mid=87490.86
2025-12-25 18:48:00,149 | INFO | trader.binance_spot_bbo | BBO BTCUSDT bid=87490.85 ask=87490.86 mid=87490.86
2025-12-25 18:48:00,149 | INFO | trader.binance_spot_bbo | BBO BTCUSDT bid=87490.85 ask=87490.86 mid=87490.86
2025-12-25 18:48:00,149 | INFO | trader.binance_spot_bbo | BBO BTCUSDT bid=87490.85 ask=87490.86 mid=87490.86
2025-12-25 18:48:00,150 | INFO | trader.binance_spot_bbo | BBO BTCUSDT bid=87490.85 ask=87490.86 mid=87490.86
2025-12-25 18:48:00,150 | INFO | trader.binance_spot_bbo | BBO BTCUSDT bid=87490.85 ask=87490.86 mid=87490.86
2025-12-25 18:48:00,152 | INFO | trader.binance_spot_bbo | BBO BTCUSDT bid=87490.50 ask=87490.75 mid=87490.62
2025-12-25 18:48:00,152 | INFO | trader.binance_spot_bbo | BBO BTCUSDT bid=87490.50 ask=87490.75 mid=87490.62
2025-12-25 18:48:00,152 | INFO | trader.binance_spot_bbo | BBO BTCUSDT bid=87490.50 ask=87490.75 mid=87490.62
2025-12-25 18:48:00,152 | INFO | trader.binance_spot_bbo | BBO BTCUSDT bid=87490.50 ask=87490.75 mid=87490.62
2025-12-25 18:48:00,153 | INFO | trader.binance_spot_bbo | BBO BTCUSDT bid=87490.50 ask=87490.75 mid=87490.62
2025-12-25 18:48:00,153 | INFO | trader.binance_spot_bbo | BBO BTCUSDT bid=87490.50 ask=87490.75 mid=87490.62
2025-12-25 18:48:00,153 | INFO | trader.binance_spot_bbo | BBO BTCUSDT bid=87490.36 ask=87490.75 mid=87490.55
2025-12-25 18:48:00,154 | INFO | trader.binance_spot_bbo | BBO BTCUSDT bid=87490.01 ask=87490.75 mid=87490.38
2025-12-25 18:48:00,154 | INFO | trader.binance_spot_bbo | BBO BTCUSDT bid=87490.01 ask=87490.51 mid=87490.26
2025-12-25 18:48:00,154 | INFO | trader.binance_spot_bbo | BBO BTCUSDT bid=87490.01 ask=87490.48 mid=87490.24
2025-12-25 18:48:00,154 | INFO | trader.binance_spot_bbo | BBO BTCUSDT bid=87490.01 ask=87490.37 mid=87490.19
2025-12-25 18:48:00,154 | INFO | trader.binance_spot_bbo | BBO BTCUSDT bid=87490.01 ask=87490.37 mid=87490.19
2025-12-25 18:48:00,154 | INFO | trader.binance_spot_bbo | BBO BTCUSDT bid=87490.01 ask=87490.37 mid=87490.19
2025-12-25 18:48:00,154 | INFO | trader.binance_spot_bbo | BBO BTCUSDT bid=87490.01 ask=87490.02 mid=87490.01
2025-12-25 18:48:00,154 | INFO | trader.binance_spot_bbo | BBO BTCUSDT bid=87490.01 ask=87490.02 mid=87490.01
2025-12-25 18:48:00,155 | INFO | trader.binance_spot_bbo | BBO BTCUSDT bid=87490.01 ask=87490.02 mid=87490.01
2025-12-25 18:48:00,155 | INFO | trader.binance_spot_bbo | BBO BTCUSDT bid=87490.01 ask=87490.02 mid=87490.01
2025-12-25 18:48:00,155 | INFO | trader.binance_spot_bbo | BBO BTCUSDT bid=87490.01 ask=87490.02 mid=87490.01
2025-12-25 18:48:00,155 | INFO | trader.binance_spot_bbo | BBO BTCUSDT bid=87490.01 ask=87490.02 mid=87490.01
2025-12-25 18:48:00,155 | INFO | trader.binance_spot_bbo | BBO BTCUSDT bid=87490.01 ask=87490.02 mid=87490.01
2025-12-25 18:48:00,155 | INFO | trader.binance_spot_bbo | BBO BTCUSDT bid=87490.01 ask=87490.02 mid=87490.01
2025-12-25 18:48:00,155 | INFO | trader.binance_spot_bbo | BBO BTCUSDT bid=87490.01 ask=87490.02 mid=87490.01
2025-12-25 18:48:00,157 | INFO | trader.binance_spot_bbo | BBO BTCUSDT bid=87490.01 ask=87490.02 mid=87490.01
2025-12-25 18:48:00,157 | INFO | trader.binance_spot_bbo | BBO BTCUSDT bid=87490.00 ask=87490.02 mid=87490.01
2025-12-25 18:48:00,157 | INFO | trader.binance_spot_bbo | BBO BTCUSDT bid=87490.00 ask=87490.01 mid=87490.01
2025-12-25 18:48:00,157 | INFO | trader.binance_spot_bbo | BBO BTCUSDT bid=87490.00 ask=87490.01 mid=87490.01
2025-12-25 18:48:00,157 | INFO | trader.binance_spot_bbo | BBO BTCUSDT bid=87490.00 ask=87490.01 mid=87490.01
2025-12-25 18:48:00,157 | INFO | trader.binance_spot_bbo | BBO BTCUSDT bid=87490.00 ask=87490.01 mid=87490.01
2025-12-25 18:48:00,157 | INFO | trader.binance_spot_bbo | BBO BTCUSDT bid=87490.00 ask=87490.01 mid=87490.01
2025-12-25 18:48:00,158 | INFO | trader.binance_spot_bbo | BBO BTCUSDT bid=87490.00 ask=87490.01 mid=87490.01
2025-12-25 18:48:00,158 | INFO | trader.binance_spot_bbo | BBO BTCUSDT bid=87490.00 ask=87490.01 mid=87490.01
2025-12-25 18:48:00,158 | INFO | trader.binance_spot_bbo | BBO BTCUSDT bid=87490.00 ask=87490.01 mid=87490.01
2025-12-25 18:48:00,158 | INFO | trader.binance_spot_bbo | BBO BTCUSDT bid=87489.64 ask=87490.01 mid=87489.82
2025-12-25 18:48:00,158 | INFO | trader.binance_spot_bbo | BBO BTCUSDT bid=87489.64 ask=87489.65 mid=87489.64
2025-12-25 18:48:00,158 | INFO | trader.binance_spot_bbo | BBO BTCUSDT bid=87489.64 ask=87489.65 mid=87489.64
2025-12-25 18:48:00,159 | INFO | trader.binance_spot_bbo | BBO BTCUSDT bid=87489.64 ask=87489.65 mid=87489.64
2025-12-25 18:48:00,159 | INFO | trader.binance_spot_bbo | BBO BTCUSDT bid=87489.64 ask=87489.65 mid=87489.64
2025-12-25 18:48:00,159 | INFO | trader.binance_spot_bbo | BBO BTCUSDT bid=87489.64 ask=87489.65 mid=87489.64
2025-12-25 18:48:00,159 | INFO | trader.binance_spot_bbo | BBO BTCUSDT bid=87489.64 ask=87489.65 mid=87489.64
2025-12-25 18:48:00,159 | INFO | trader.binance_spot_bbo | BBO BTCUSDT bid=87489.64 ask=87489.65 mid=87489.64
2025-12-25 18:48:00,160 | INFO | trader.binance_spot_bbo | BBO BTCUSDT bid=87489.64 ask=87489.65 mid=87489.64
2025-12-25 18:48:00,160 | INFO | trader.binance_spot_bbo | BBO BTCUSDT bid=87489.64 ask=87489.65 mid=87489.64
2025-12-25 18:48:00,160 | INFO | trader.binance_spot_bbo | BBO BTCUSDT bid=87489.64 ask=87489.65 mid=87489.64
2025-12-25 18:48:00,160 | INFO | trader.binance_spot_bbo | BBO BTCUSDT bid=87489.64 ask=87489.65 mid=87489.64
2025-12-25 18:48:00,160 | INFO | trader.binance_spot_bbo | BBO BTCUSDT bid=87489.64 ask=87489.65 mid=87489.64
2025-12-25 18:48:00,160 | INFO | trader.binance_spot_bbo | BBO BTCUSDT bid=87489.64 ask=87489.65 mid=87489.64
2025-12-25 18:48:00,160 | INFO | trader.binance_spot_bbo | BBO BTCUSDT bid=87489.64 ask=87489.65 mid=87489.64
2025-12-25 18:48:00,160 | INFO | trader.binance_spot_bbo | BBO BTCUSDT bid=87489.64 ask=87489.65 mid=87489.64
2025-12-25 18:48:00,161 | INFO | trader.binance_spot_bbo | BBO BTCUSDT bid=87489.64 ask=87489.65 mid=87489.64
2025-12-25 18:48:00,161 | INFO | trader.binance_spot_bbo | BBO BTCUSDT bid=87489.64 ask=87489.65 mid=87489.64
2025-12-25 18:48:00,161 | INFO | trader.binance_spot_bbo | BBO BTCUSDT bid=87489.64 ask=87489.65 mid=87489.64
2025-12-25 18:48:00,161 | INFO | trader.binance_spot_bbo | BBO BTCUSDT bid=87489.64 ask=87489.65 mid=87489.64
2025-12-25 18:48:00,161 | INFO | trader.binance_spot_bbo | BBO BTCUSDT bid=87489.64 ask=87489.65 mid=87489.64
2025-12-25 18:48:00,161 | INFO | trader.binance_spot_bbo | BBO BTCUSDT bid=87489.64 ask=87489.65 mid=87489.64
2025-12-25 18:48:00,161 | INFO | trader.binance_spot_bbo | BBO BTCUSDT bid=87489.64 ask=87489.65 mid=87489.64
2025-12-25 18:48:00,161 | INFO | trader.binance_spot_bbo | BBO BTCUSDT bid=87489.64 ask=87489.65 mid=87489.64
2025-12-25 18:48:00,162 | INFO | trader.binance_spot_bbo | BBO BTCUSDT bid=87489.64 ask=87489.65 mid=87489.64
2025-12-25 18:48:00,162 | INFO | trader.binance_spot_bbo | BBO BTCUSDT bid=87489.64 ask=87489.65 mid=87489.64
2025-12-25 18:48:00,162 | INFO | trader.binance_spot_bbo | BBO BTCUSDT bid=87489.64 ask=87489.65 mid=87489.64
2025-12-25 18:48:00,162 | INFO | trader.binance_spot_bbo | BBO BTCUSDT bid=87489.64 ask=87489.65 mid=87489.64
2025-12-25 18:48:00,162 | INFO | trader.binance_spot_bbo | BBO BTCUSDT bid=87488.50 ask=87489.65 mid=87489.07
2025-12-25 18:48:00,162 | INFO | trader.binance_spot_bbo | BBO BTCUSDT bid=87488.50 ask=87489.65 mid=87489.07
2025-12-25 18:48:00,162 | INFO | trader.binance_spot_bbo | BBO BTCUSDT bid=87488.50 ask=87489.65 mid=87489.07
2025-12-25 18:48:00,162 | INFO | trader.binance_spot_bbo | BBO BTCUSDT bid=87488.50 ask=87489.65 mid=87489.07
2025-12-25 18:48:00,162 | INFO | trader.binance_spot_bbo | BBO BTCUSDT bid=87488.50 ask=87489.65 mid=87489.07
2025-12-25 18:48:00,162 | INFO | trader.binance_spot_bbo | BBO BTCUSDT bid=87489.63 ask=87489.65 mid=87489.64
2025-12-25 18:48:00,163 | INFO | trader.binance_spot_bbo | BBO BTCUSDT bid=87489.63 ask=87489.65 mid=87489.64
2025-12-25 18:48:00,163 | INFO | trader.binance_spot_bbo | BBO BTCUSDT bid=87489.63 ask=87489.65 mid=87489.64
2025-12-25 18:48:00,163 | INFO | trader.binance_spot_bbo | BBO BTCUSDT bid=87489.63 ask=87489.65 mid=87489.64
2025-12-25 18:48:00,163 | INFO | trader.binance_spot_bbo | BBO BTCUSDT bid=87489.64 ask=87489.65 mid=87489.64
2025-12-25 18:48:00,163 | INFO | trader.binance_spot_bbo | BBO BTCUSDT bid=87489.64 ask=87489.65 mid=87489.64
2025-12-25 18:48:00,163 | INFO | trader.binance_spot_bbo | BBO BTCUSDT bid=87489.64 ask=87489.65 mid=87489.64
2025-12-25 18:48:00,163 | INFO | trader.binance_spot_bbo | BBO BTCUSDT bid=87489.64 ask=87489.65 mid=87489.64
2025-12-25 18:48:00,164 | INFO | trader.binance_spot_bbo | BBO BTCUSDT bid=87489.64 ask=87489.65 mid=87489.64
2025-12-25 18:48:00,164 | INFO | trader.binance_spot_bbo | BBO BTCUSDT bid=87489.64 ask=87489.65 mid=87489.64
2025-12-25 18:48:00,164 | INFO | trader.binance_spot_bbo | BBO BTCUSDT bid=87489.64 ask=87489.65 mid=87489.64
2025-12-25 18:48:00,164 | INFO | trader.binance_spot_bbo | BBO BTCUSDT bid=87489.64 ask=87489.65 mid=87489.64
2025-12-25 18:48:00,164 | INFO | trader.binance_spot_bbo | BBO BTCUSDT bid=87489.64 ask=87489.65 mid=87489.64
2025-12-25 18:48:00,164 | INFO | trader.binance_spot_bbo | BBO BTCUSDT bid=87489.64 ask=87489.65 mid=87489.64
2025-12-25 18:48:00,164 | INFO | trader.binance_spot_bbo | BBO BTCUSDT bid=87489.64 ask=87489.65 mid=87489.64
2025-12-25 18:48:00,164 | INFO | trader.binance_spot_bbo | BBO BTCUSDT bid=87489.64 ask=87489.65 mid=87489.64
2025-12-25 18:48:00,164 | INFO | trader.binance_spot_bbo | BBO BTCUSDT bid=87489.64 ask=87489.65 mid=87489.64
2025-12-25 18:48:00,164 | INFO | trader.binance_spot_bbo | BBO BTCUSDT bid=87489.64 ask=87489.65 mid=87489.64
2025-12-25 18:48:00,165 | INFO | trader.binance_spot_bbo | BBO BTCUSDT bid=87489.64 ask=87489.65 mid=87489.64
2025-12-25 18:48:00,165 | INFO | trader.binance_spot_bbo | BBO BTCUSDT bid=87489.64 ask=87489.65 mid=87489.64
2025-12-25 18:48:00,165 | INFO | trader.binance_spot_bbo | BBO BTCUSDT bid=87489.64 ask=87489.65 mid=87489.64
2025-12-25 18:48:00,165 | INFO | trader.binance_spot_bbo | BBO BTCUSDT bid=87489.64 ask=87489.65 mid=87489.64
2025-12-25 18:48:00,165 | INFO | trader.binance_spot_bbo | BBO BTCUSDT bid=87489.64 ask=87489.65 mid=87489.64
2025-12-25 18:48:00,165 | INFO | trader.binance_spot_bbo | BBO BTCUSDT bid=87489.64 ask=87489.65 mid=87489.64
2025-12-25 18:48:00,166 | INFO | trader.binance_spot_bbo | BBO BTCUSDT bid=87489.64 ask=87489.65 mid=87489.64
2025-12-25 18:48:00,166 | INFO | trader.binance_spot_bbo | BBO BTCUSDT bid=87489.64 ask=87489.65 mid=87489.64
2025-12-25 18:48:00,166 | INFO | trader.binance_spot_bbo | BBO BTCUSDT bid=87489.64 ask=87489.65 mid=87489.64
2025-12-25 18:48:00,166 | INFO | trader.binance_spot_bbo | BBO BTCUSDT bid=87489.64 ask=87489.65 mid=87489.64
2025-12-25 18:48:00,166 | INFO | trader.binance_spot_bbo | BBO BTCUSDT bid=87489.64 ask=87489.65 mid=87489.64
2025-12-25 18:48:00,167 | INFO | trader.binance_spot_bbo | BBO BTCUSDT bid=87489.64 ask=87489.65 mid=87489.64
2025-12-25 18:48:00,167 | INFO | trader.binance_spot_bbo | BBO BTCUSDT bid=87489.64 ask=87489.65 mid=87489.64
2025-12-25 18:48:00,167 | INFO | trader.binance_spot_bbo | BBO BTCUSDT bid=87489.64 ask=87489.65 mid=87489.64
2025-12-25 18:48:00,167 | INFO | trader.binance_spot_bbo | BBO BTCUSDT bid=87489.64 ask=87489.65 mid=87489.64
2025-12-25 18:48:00,167 | INFO | trader.binance_spot_bbo | BBO BTCUSDT bid=87488.50 ask=87489.45 mid=87488.98
2025-12-25 18:48:00,167 | INFO | trader.binance_spot_bbo | BBO BTCUSDT bid=87488.50 ask=87489.45 mid=87488.98
2025-12-25 18:48:00,167 | INFO | trader.binance_spot_bbo | BBO BTCUSDT bid=87488.50 ask=87489.45 mid=87488.98
2025-12-25 18:48:00,168 | INFO | trader.binance_spot_bbo | BBO BTCUSDT bid=87488.50 ask=87489.45 mid=87488.98
2025-12-25 18:48:00,168 | INFO | trader.binance_spot_bbo | BBO BTCUSDT bid=87488.50 ask=87488.51 mid=87488.51
2025-12-25 18:48:00,168 | INFO | trader.binance_spot_bbo | BBO BTCUSDT bid=87488.50 ask=87488.51 mid=87488.51
2025-12-25 18:48:00,168 | INFO | trader.binance_spot_bbo | BBO BTCUSDT bid=87488.50 ask=87488.51 mid=87488.51
2025-12-25 18:48:00,168 | INFO | trader.binance_spot_bbo | BBO BTCUSDT bid=87488.50 ask=87488.51 mid=87488.51
2025-12-25 18:48:00,168 | INFO | trader.binance_spot_bbo | BBO BTCUSDT bid=87488.50 ask=87488.51 mid=87488.51
2025-12-25 18:48:00,168 | INFO | trader.binance_spot_bbo | BBO BTCUSDT bid=87488.50 ask=87488.51 mid=87488.51
2025-12-25 18:48:00,168 | INFO | trader.binance_spot_bbo | BBO BTCUSDT bid=87488.50 ask=87488.51 mid=87488.51
2025-12-25 18:48:00,169 | INFO | trader.binance_spot_bbo | BBO BTCUSDT bid=87488.50 ask=87488.51 mid=87488.51
2025-12-25 18:48:00,169 | INFO | trader.binance_spot_bbo | BBO BTCUSDT bid=87488.50 ask=87488.51 mid=87488.51
2025-12-25 18:48:00,169 | INFO | trader.binance_spot_bbo | BBO BTCUSDT bid=87488.50 ask=87488.51 mid=87488.51
2025-12-25 18:48:00,169 | INFO | trader.binance_spot_bbo | BBO BTCUSDT bid=87488.00 ask=87488.51 mid=87488.26
2025-12-25 18:48:00,170 | INFO | trader.binance_spot_bbo | BBO BTCUSDT bid=87488.00 ask=87488.51 mid=87488.26
2025-12-25 18:48:00,170 | INFO | trader.binance_spot_bbo | BBO BTCUSDT bid=87488.00 ask=87488.01 mid=87488.01
2025-12-25 18:48:00,170 | INFO | trader.binance_spot_bbo | BBO BTCUSDT bid=87488.00 ask=87488.01 mid=87488.01
2025-12-25 18:48:00,170 | INFO | trader.binance_spot_bbo | BBO BTCUSDT bid=87488.00 ask=87488.01 mid=87488.01
2025-12-25 18:48:00,170 | INFO | trader.binance_spot_bbo | BBO BTCUSDT bid=87488.00 ask=87488.01 mid=87488.01
2025-12-25 18:48:00,170 | INFO | trader.binance_spot_bbo | BBO BTCUSDT bid=87488.00 ask=87488.01 mid=87488.01
2025-12-25 18:48:00,170 | INFO | trader.binance_spot_bbo | BBO BTCUSDT bid=87488.00 ask=87488.01 mid=87488.01
2025-12-25 18:48:00,170 | INFO | trader.binance_spot_bbo | BBO BTCUSDT bid=87488.00 ask=87488.01 mid=87488.01
2025-12-25 18:48:00,171 | INFO | trader.binance_spot_bbo | BBO BTCUSDT bid=87488.00 ask=87488.01 mid=87488.01
2025-12-25 18:48:00,171 | INFO | trader.binance_spot_bbo | BBO BTCUSDT bid=87488.00 ask=87488.01 mid=87488.01
2025-12-25 18:48:00,171 | INFO | trader.binance_spot_bbo | BBO BTCUSDT bid=87488.00 ask=87488.01 mid=87488.01
2025-12-25 18:48:00,171 | INFO | trader.binance_spot_bbo | BBO BTCUSDT bid=87488.00 ask=87488.01 mid=87488.01
2025-12-25 18:48:00,171 | INFO | trader.binance_spot_bbo | BBO BTCUSDT bid=87488.00 ask=87488.01 mid=87488.01
2025-12-25 18:48:00,171 | INFO | trader.binance_spot_bbo | BBO BTCUSDT bid=87488.00 ask=87488.01 mid=87488.01
2025-12-25 18:48:00,171 | INFO | trader.binance_spot_bbo | BBO BTCUSDT bid=87488.00 ask=87488.01 mid=87488.01
2025-12-25 18:48:00,172 | INFO | trader.binance_spot_bbo | BBO BTCUSDT bid=87488.00 ask=87488.01 mid=87488.01
2025-12-25 18:48:00,172 | INFO | trader.binance_spot_bbo | BBO BTCUSDT bid=87488.00 ask=87488.01 mid=87488.01
2025-12-25 18:48:00,172 | INFO | trader.binance_spot_bbo | BBO BTCUSDT bid=87488.00 ask=87488.01 mid=87488.01
2025-12-25 18:48:00,172 | INFO | trader.binance_spot_bbo | BBO BTCUSDT bid=87488.00 ask=87488.01 mid=87488.01
2025-12-25 18:48:00,172 | INFO | trader.binance_spot_bbo | BBO BTCUSDT bid=87488.00 ask=87488.01 mid=87488.01
2025-12-25 18:48:00,172 | INFO | trader.binance_spot_bbo | BBO BTCUSDT bid=87488.00 ask=87488.01 mid=87488.01
2025-12-25 18:48:00,172 | INFO | trader.binance_spot_bbo | BBO BTCUSDT bid=87488.00 ask=87488.01 mid=87488.01
2025-12-25 18:48:00,173 | INFO | trader.binance_spot_bbo | BBO BTCUSDT bid=87488.00 ask=87488.01 mid=87488.01
2025-12-25 18:48:00,173 | INFO | trader.binance_spot_bbo | BBO BTCUSDT bid=87488.00 ask=87488.01 mid=87488.01
2025-12-25 18:48:00,173 | INFO | trader.binance_spot_bbo | BBO BTCUSDT bid=87488.00 ask=87488.01 mid=87488.01
2025-12-25 18:48:00,173 | INFO | trader.binance_spot_bbo | BBO BTCUSDT bid=87488.00 ask=87488.01 mid=87488.01
2025-12-25 18:48:00,173 | INFO | trader.binance_spot_bbo | BBO BTCUSDT bid=87488.00 ask=87488.01 mid=87488.01
2025-12-25 18:48:00,173 | INFO | trader.binance_spot_bbo | BBO BTCUSDT bid=87488.00 ask=87488.01 mid=87488.01
2025-12-25 18:48:00,173 | INFO | trader.binance_spot_bbo | BBO BTCUSDT bid=87488.00 ask=87488.01 mid=87488.01
2025-12-25 18:48:00,173 | INFO | trader.binance_spot_bbo | BBO BTCUSDT bid=87488.00 ask=87488.01 mid=87488.01
2025-12-25 18:48:00,173 | INFO | trader.binance_spot_bbo | BBO BTCUSDT bid=87488.00 ask=87488.01 mid=87488.01
2025-12-25 18:48:00,174 | INFO | trader.binance_spot_bbo | BBO BTCUSDT bid=87488.00 ask=87488.01 mid=87488.01
2025-12-25 18:48:00,174 | INFO | trader.binance_spot_bbo | BBO BTCUSDT bid=87488.00 ask=87488.01 mid=87488.01
2025-12-25 18:48:00,174 | INFO | trader.binance_spot_bbo | BBO BTCUSDT bid=87488.00 ask=87488.01 mid=87488.01
2025-12-25 18:48:00,174 | INFO | trader.binance_spot_bbo | BBO BTCUSDT bid=87488.00 ask=87488.01 mid=87488.01
2025-12-25 18:48:00,174 | INFO | trader.binance_spot_bbo | BBO BTCUSDT bid=87488.00 ask=87488.01 mid=87488.01
2025-12-25 18:48:00,174 | INFO | trader.binance_spot_bbo | BBO BTCUSDT bid=87488.00 ask=87488.01 mid=87488.01
2025-12-25 18:48:00,174 | INFO | trader.binance_spot_bbo | BBO BTCUSDT bid=87488.00 ask=87488.01 mid=87488.01
2025-12-25 18:48:00,174 | INFO | trader.binance_spot_bbo | BBO BTCUSDT bid=87488.00 ask=87488.01 mid=87488.01
2025-12-25 18:48:00,174 | INFO | trader.binance_spot_bbo | BBO BTCUSDT bid=87488.00 ask=87488.01 mid=87488.01
2025-12-25 18:48:00,174 | INFO | trader.binance_spot_bbo | BBO BTCUSDT bid=87488.00 ask=87488.01 mid=87488.01
2025-12-25 18:48:00,175 | INFO | trader.binance_spot_bbo | BBO BTCUSDT bid=87488.00 ask=87488.01 mid=87488.01
2025-12-25 18:48:00,175 | INFO | trader.binance_spot_bbo | BBO BTCUSDT bid=87488.00 ask=87488.01 mid=87488.01
2025-12-25 18:48:00,175 | INFO | trader.binance_spot_bbo | BBO BTCUSDT bid=87488.00 ask=87488.01 mid=87488.01
2025-12-25 18:48:00,175 | INFO | trader.binance_spot_bbo | BBO BTCUSDT bid=87488.00 ask=87488.01 mid=87488.01
2025-12-25 18:48:00,175 | INFO | trader.binance_spot_bbo | BBO BTCUSDT bid=87488.00 ask=87488.01 mid=87488.01
2025-12-25 18:48:00,175 | INFO | trader.binance_spot_bbo | BBO BTCUSDT bid=87488.00 ask=87488.01 mid=87488.01
2025-12-25 18:48:00,175 | INFO | trader.binance_spot_bbo | BBO BTCUSDT bid=87488.00 ask=87488.01 mid=87488.01
2025-12-25 18:48:00,175 | INFO | trader.binance_spot_bbo | BBO BTCUSDT bid=87488.00 ask=87488.01 mid=87488.01
2025-12-25 18:48:00,175 | INFO | trader.binance_spot_bbo | BBO BTCUSDT bid=87488.00 ask=87488.01 mid=87488.01
2025-12-25 18:48:00,175 | INFO | trader.binance_spot_bbo | BBO BTCUSDT bid=87488.00 ask=87488.01 mid=87488.01
2025-12-25 18:48:00,176 | INFO | trader.binance_spot_bbo | BBO BTCUSDT bid=87488.00 ask=87488.01 mid=87488.01
2025-12-25 18:48:00,176 | INFO | trader.binance_spot_bbo | BBO BTCUSDT bid=87488.00 ask=87488.01 mid=87488.01
2025-12-25 18:48:00,176 | INFO | trader.binance_spot_bbo | BBO BTCUSDT bid=87488.00 ask=87488.01 mid=87488.01
2025-12-25 18:48:00,176 | INFO | trader.binance_spot_bbo | BBO BTCUSDT bid=87488.00 ask=87488.01 mid=87488.01
2025-12-25 18:48:00,176 | INFO | trader.binance_spot_bbo | BBO BTCUSDT bid=87487.86 ask=87487.94 mid=87487.90
2025-12-25 18:48:00,177 | INFO | trader.binance_spot_bbo | BBO BTCUSDT bid=87487.86 ask=87487.94 mid=87487.90
2025-12-25 18:48:00,177 | INFO | trader.binance_spot_bbo | BBO BTCUSDT bid=87487.86 ask=87487.94 mid=87487.90
2025-12-25 18:48:00,177 | INFO | trader.binance_spot_bbo | BBO BTCUSDT bid=87487.86 ask=87487.94 mid=87487.90
2025-12-25 18:48:00,177 | INFO | trader.binance_spot_bbo | BBO BTCUSDT bid=87486.00 ask=87487.94 mid=87486.97
2025-12-25 18:48:00,177 | INFO | trader.binance_spot_bbo | BBO BTCUSDT bid=87486.00 ask=87487.07 mid=87486.54
2025-12-25 18:48:00,177 | INFO | trader.binance_spot_bbo | BBO BTCUSDT bid=87486.00 ask=87487.01 mid=87486.51
2025-12-25 18:48:00,177 | INFO | trader.binance_spot_bbo | BBO BTCUSDT bid=87486.00 ask=87487.01 mid=87486.51
2025-12-25 18:48:00,178 | INFO | trader.binance_spot_bbo | BBO BTCUSDT bid=87486.00 ask=87487.01 mid=87486.51
2025-12-25 18:48:00,178 | INFO | trader.binance_spot_bbo | BBO BTCUSDT bid=87486.00 ask=87487.01 mid=87486.51
2025-12-25 18:48:00,178 | INFO | trader.binance_spot_bbo | BBO BTCUSDT bid=87486.00 ask=87487.00 mid=87486.50
2025-12-25 18:48:00,178 | INFO | trader.binance_spot_bbo | BBO BTCUSDT bid=87486.00 ask=87487.00 mid=87486.50
2025-12-25 18:48:00,178 | INFO | trader.binance_spot_bbo | BBO BTCUSDT bid=87486.00 ask=87487.00 mid=87486.50
2025-12-25 18:48:00,178 | INFO | trader.binance_spot_bbo | BBO BTCUSDT bid=87486.00 ask=87486.01 mid=87486.01
2025-12-25 18:48:00,178 | INFO | trader.binance_spot_bbo | BBO BTCUSDT bid=87486.00 ask=87486.01 mid=87486.01
2025-12-25 18:48:00,179 | INFO | trader.binance_spot_bbo | BBO BTCUSDT bid=87486.00 ask=87486.01 mid=87486.01
2025-12-25 18:48:00,179 | INFO | trader.binance_spot_bbo | BBO BTCUSDT bid=87486.00 ask=87486.01 mid=87486.01
2025-12-25 18:48:00,179 | INFO | trader.binance_spot_bbo | BBO BTCUSDT bid=87485.09 ask=87486.01 mid=87485.55
2025-12-25 18:48:00,179 | INFO | trader.binance_spot_bbo | BBO BTCUSDT bid=87485.09 ask=87485.52 mid=87485.30
2025-12-25 18:48:00,179 | INFO | trader.binance_spot_bbo | BBO BTCUSDT bid=87485.09 ask=87485.10 mid=87485.10
2025-12-25 18:48:00,179 | INFO | trader.binance_spot_bbo | BBO BTCUSDT bid=87485.09 ask=87485.10 mid=87485.10
2025-12-25 18:48:00,179 | INFO | trader.binance_spot_bbo | BBO BTCUSDT bid=87485.09 ask=87485.10 mid=87485.10
2025-12-25 18:48:00,179 | INFO | trader.binance_spot_bbo | BBO BTCUSDT bid=87485.09 ask=87485.10 mid=87485.10
2025-12-25 18:48:00,179 | INFO | trader.binance_spot_bbo | BBO BTCUSDT bid=87485.09 ask=87485.10 mid=87485.10
2025-12-25 18:48:00,179 | INFO | trader.binance_spot_bbo | BBO BTCUSDT bid=87485.09 ask=87485.10 mid=87485.10
2025-12-25 18:48:00,179 | INFO | trader.binance_spot_bbo | BBO BTCUSDT bid=87485.09 ask=87485.10 mid=87485.10
2025-12-25 18:48:00,180 | INFO | trader.binance_spot_bbo | BBO BTCUSDT bid=87485.09 ask=87485.10 mid=87485.10
2025-12-25 18:48:00,180 | INFO | trader.binance_spot_bbo | BBO BTCUSDT bid=87485.09 ask=87485.10 mid=87485.10
2025-12-25 18:48:00,180 | INFO | trader.binance_spot_bbo | BBO BTCUSDT bid=87485.09 ask=87485.10 mid=87485.10
2025-12-25 18:48:00,180 | INFO | trader.binance_spot_bbo | BBO BTCUSDT bid=87485.09 ask=87485.10 mid=87485.10
2025-12-25 18:48:00,180 | INFO | trader.binance_spot_bbo | BBO BTCUSDT bid=87485.09 ask=87485.10 mid=87485.10
2025-12-25 18:48:00,181 | INFO | trader.binance_spot_bbo | BBO BTCUSDT bid=87485.09 ask=87485.10 mid=87485.10
2025-12-25 18:48:00,181 | INFO | trader.binance_spot_bbo | BBO BTCUSDT bid=87485.09 ask=87485.10 mid=87485.10
2025-12-25 18:48:00,181 | INFO | trader.binance_spot_bbo | BBO BTCUSDT bid=87485.09 ask=87485.10 mid=87485.10
2025-12-25 18:48:00,182 | INFO | trader.binance_spot_bbo | BBO BTCUSDT bid=87485.09 ask=87485.10 mid=87485.10
2025-12-25 18:48:00,185 | INFO | trader.binance_spot_bbo | BBO BTCUSDT bid=87485.09 ask=87485.10 mid=87485.10
2025-12-25 18:48:00,185 | INFO | trader.binance_spot_bbo | BBO BTCUSDT bid=87485.09 ask=87485.10 mid=87485.10
2025-12-25 18:48:00,185 | INFO | trader.binance_spot_bbo | BBO BTCUSDT bid=87485.09 ask=87485.10 mid=87485.10
2025-12-25 18:48:00,185 | INFO | trader.binance_spot_bbo | BBO BTCUSDT bid=87485.09 ask=87485.10 mid=87485.10
2025-12-25 18:48:00,186 | INFO | trader.binance_spot_bbo | BBO BTCUSDT bid=87485.09 ask=87485.10 mid=87485.10
2025-12-25 18:48:00,186 | INFO | trader.binance_spot_bbo | BBO BTCUSDT bid=87485.09 ask=87485.10 mid=87485.10
2025-12-25 18:48:00,187 | INFO | trader.binance_spot_bbo | BBO BTCUSDT bid=87485.09 ask=87485.10 mid=87485.10
2025-12-25 18:48:00,187 | INFO | trader.binance_spot_bbo | BBO BTCUSDT bid=87485.09 ask=87485.10 mid=87485.10
2025-12-25 18:48:00,187 | INFO | trader.binance_spot_bbo | BBO BTCUSDT bid=87485.09 ask=87485.10 mid=87485.10
2025-12-25 18:48:00,187 | INFO | trader.binance_spot_bbo | BBO BTCUSDT bid=87485.09 ask=87485.10 mid=87485.10
2025-12-25 18:48:00,187 | INFO | trader.binance_spot_bbo | BBO BTCUSDT bid=87485.09 ask=87485.10 mid=87485.10
2025-12-25 18:48:00,188 | INFO | trader.binance_spot_bbo | BBO BTCUSDT bid=87485.09 ask=87485.10 mid=87485.10
2025-12-25 18:48:00,188 | INFO | trader.binance_spot_bbo | BBO BTCUSDT bid=87485.09 ask=87485.10 mid=87485.10
2025-12-25 18:48:00,188 | INFO | trader.binance_spot_bbo | BBO BTCUSDT bid=87485.09 ask=87485.10 mid=87485.10
2025-12-25 18:48:00,188 | INFO | trader.binance_spot_bbo | BBO BTCUSDT bid=87485.09 ask=87485.10 mid=87485.10
2025-12-25 18:48:00,188 | INFO | trader.binance_spot_bbo | BBO BTCUSDT bid=87485.09 ask=87485.10 mid=87485.10
2025-12-25 18:48:00,189 | INFO | trader.binance_spot_bbo | BBO BTCUSDT bid=87485.09 ask=87485.10 mid=87485.10
2025-12-25 18:48:00,189 | INFO | trader.binance_spot_bbo | BBO BTCUSDT bid=87485.09 ask=87485.10 mid=87485.10
2025-12-25 18:48:00,189 | INFO | trader.binance_spot_bbo | BBO BTCUSDT bid=87485.09 ask=87485.10 mid=87485.10
2025-12-25 18:48:00,189 | INFO | trader.binance_spot_bbo | BBO BTCUSDT bid=87485.09 ask=87485.10 mid=87485.10
2025-12-25 18:48:00,189 | INFO | trader.binance_spot_bbo | BBO BTCUSDT bid=87485.09 ask=87485.10 mid=87485.10
2025-12-25 18:48:00,190 | INFO | trader.binance_spot_bbo | BBO BTCUSDT bid=87485.09 ask=87485.10 mid=87485.10
2025-12-25 18:48:00,190 | INFO | trader.binance_spot_bbo | BBO BTCUSDT bid=87485.09 ask=87485.10 mid=87485.10
2025-12-25 18:48:00,190 | INFO | trader.binance_spot_bbo | BBO BTCUSDT bid=87485.09 ask=87485.10 mid=87485.10
2025-12-25 18:48:00,190 | INFO | trader.binance_spot_bbo | BBO BTCUSDT bid=87485.09 ask=87485.10 mid=87485.10
2025-12-25 18:48:00,190 | INFO | trader.binance_spot_bbo | BBO BTCUSDT bid=87485.09 ask=87485.10 mid=87485.10
2025-12-25 18:48:00,190 | INFO | trader.binance_spot_bbo | BBO BTCUSDT bid=87485.09 ask=87485.10 mid=87485.10
2025-12-25 18:48:00,190 | INFO | trader.binance_spot_bbo | BBO BTCUSDT bid=87485.09 ask=87485.10 mid=87485.10
2025-12-25 18:48:00,190 | INFO | trader.binance_spot_bbo | BBO BTCUSDT bid=87485.09 ask=87485.10 mid=87485.10
2025-12-25 18:48:00,190 | INFO | trader.binance_spot_bbo | BBO BTCUSDT bid=87485.09 ask=87485.10 mid=87485.10
2025-12-25 18:48:00,190 | INFO | trader.binance_spot_bbo | BBO BTCUSDT bid=87485.09 ask=87485.10 mid=87485.10
2025-12-25 18:48:00,191 | INFO | trader.binance_spot_bbo | BBO BTCUSDT bid=87485.09 ask=87485.10 mid=87485.10
2025-12-25 18:48:00,191 | INFO | trader.binance_spot_bbo | BBO BTCUSDT bid=87485.09 ask=87485.10 mid=87485.10
2025-12-25 18:48:00,191 | INFO | trader.binance_spot_bbo | BBO BTCUSDT bid=87485.09 ask=87485.10 mid=87485.10
2025-12-25 18:48:00,191 | INFO | trader.binance_spot_bbo | BBO BTCUSDT bid=87485.09 ask=87485.10 mid=87485.10
2025-12-25 18:48:00,191 | INFO | trader.binance_spot_bbo | BBO BTCUSDT bid=87485.09 ask=87485.10 mid=87485.10
2025-12-25 18:48:00,191 | INFO | trader.binance_spot_bbo | BBO BTCUSDT bid=87485.09 ask=87485.10 mid=87485.10
2025-12-25 18:48:00,191 | INFO | trader.binance_spot_bbo | BBO BTCUSDT bid=87485.09 ask=87485.10 mid=87485.10
2025-12-25 18:48:00,192 | INFO | trader.binance_spot_bbo | BBO BTCUSDT bid=87485.09 ask=87485.10 mid=87485.10
2025-12-25 18:48:00,192 | INFO | trader.binance_spot_bbo | BBO BTCUSDT bid=87485.09 ask=87485.10 mid=87485.10
2025-12-25 18:48:00,192 | INFO | trader.binance_spot_bbo | BBO BTCUSDT bid=87485.09 ask=87485.10 mid=87485.10
2025-12-25 18:48:00,192 | INFO | trader.binance_spot_bbo | BBO BTCUSDT bid=87485.09 ask=87485.10 mid=87485.10
2025-12-25 18:48:00,192 | INFO | trader.binance_spot_bbo | BBO BTCUSDT bid=87485.09 ask=87485.10 mid=87485.10
2025-12-25 18:48:00,192 | INFO | trader.binance_spot_bbo | BBO BTCUSDT bid=87485.09 ask=87485.10 mid=87485.10
2025-12-25 18:48:00,192 | INFO | trader.binance_spot_bbo | BBO BTCUSDT bid=87485.09 ask=87485.10 mid=87485.10
2025-12-25 18:48:00,192 | INFO | trader.binance_spot_bbo | BBO BTCUSDT bid=87485.09 ask=87485.10 mid=87485.10
2025-12-25 18:48:00,192 | INFO | trader.binance_spot_bbo | BBO BTCUSDT bid=87485.09 ask=87485.10 mid=87485.10
2025-12-25 18:48:00,192 | INFO | trader.binance_spot_bbo | BBO BTCUSDT bid=87485.09 ask=87485.10 mid=87485.10
2025-12-25 18:48:00,192 | INFO | trader.binance_spot_bbo | BBO BTCUSDT bid=87485.09 ask=87485.10 mid=87485.10
2025-12-25 18:48:00,192 | INFO | trader.binance_spot_bbo | BBO BTCUSDT bid=87485.09 ask=87485.10 mid=87485.10
2025-12-25 18:48:00,193 | INFO | trader.binance_spot_bbo | BBO BTCUSDT bid=87485.09 ask=87485.10 mid=87485.10
2025-12-25 18:48:00,193 | INFO | trader.binance_spot_bbo | BBO BTCUSDT bid=87485.09 ask=87485.10 mid=87485.10
2025-12-25 18:48:00,193 | INFO | trader.binance_spot_bbo | BBO BTCUSDT bid=87485.09 ask=87485.10 mid=87485.10
2025-12-25 18:48:00,193 | INFO | trader.binance_spot_bbo | BBO BTCUSDT bid=87485.09 ask=87485.10 mid=87485.10
2025-12-25 18:48:00,193 | INFO | trader.binance_spot_bbo | BBO BTCUSDT bid=87485.09 ask=87485.10 mid=87485.10
2025-12-25 18:48:00,193 | INFO | trader.binance_spot_bbo | BBO BTCUSDT bid=87485.09 ask=87485.10 mid=87485.10
2025-12-25 18:48:00,193 | INFO | trader.binance_spot_bbo | BBO BTCUSDT bid=87485.09 ask=87485.10 mid=87485.10
2025-12-25 18:48:00,193 | INFO | trader.binance_spot_bbo | BBO BTCUSDT bid=87485.09 ask=87485.10 mid=87485.10
2025-12-25 18:48:00,193 | INFO | trader.binance_spot_bbo | BBO BTCUSDT bid=87485.09 ask=87485.10 mid=87485.10
2025-12-25 18:48:00,193 | INFO | trader.binance_spot_bbo | BBO BTCUSDT bid=87485.09 ask=87485.10 mid=87485.10
2025-12-25 18:48:00,194 | INFO | trader.binance_spot_bbo | BBO BTCUSDT bid=87485.09 ask=87485.10 mid=87485.10
2025-12-25 18:48:00,194 | INFO | trader.binance_spot_bbo | BBO BTCUSDT bid=87485.09 ask=87485.10 mid=87485.10
2025-12-25 18:48:00,194 | INFO | trader.binance_spot_bbo | BBO BTCUSDT bid=87485.09 ask=87485.10 mid=87485.10
2025-12-25 18:48:00,194 | INFO | trader.binance_spot_bbo | BBO BTCUSDT bid=87485.09 ask=87485.10 mid=87485.10
2025-12-25 18:48:00,194 | INFO | trader.binance_spot_bbo | BBO BTCUSDT bid=87485.09 ask=87485.10 mid=87485.10
2025-12-25 18:48:00,194 | INFO | trader.binance_spot_bbo | BBO BTCUSDT bid=87485.09 ask=87485.10 mid=87485.10
2025-12-25 18:48:00,194 | INFO | trader.binance_spot_bbo | BBO BTCUSDT bid=87485.09 ask=87485.10 mid=87485.10
2025-12-25 18:48:00,195 | INFO | trader.binance_spot_bbo | BBO BTCUSDT bid=87485.09 ask=87485.10 mid=87485.10
2025-12-25 18:48:00,195 | INFO | trader.binance_spot_bbo | BBO BTCUSDT bid=87485.09 ask=87485.10 mid=87485.10
2025-12-25 18:48:00,196 | INFO | trader.binance_spot_bbo | BBO BTCUSDT bid=87485.09 ask=87485.10 mid=87485.10
2025-12-25 18:48:00,196 | INFO | trader.binance_spot_bbo | BBO BTCUSDT bid=87485.09 ask=87485.10 mid=87485.10
2025-12-25 18:48:00,197 | INFO | trader.binance_spot_bbo | BBO BTCUSDT bid=87485.09 ask=87485.10 mid=87485.10
2025-12-25 18:48:00,198 | INFO | trader.binance_spot_bbo | BBO BTCUSDT bid=87485.09 ask=87485.10 mid=87485.10
2025-12-25 18:48:00,198 | INFO | trader.binance_spot_bbo | BBO BTCUSDT bid=87485.09 ask=87485.10 mid=87485.10
2025-12-25 18:48:00,201 | INFO | trader.binance_spot_bbo | BBO BTCUSDT bid=87485.09 ask=87485.10 mid=87485.10
2025-12-25 18:48:00,202 | INFO | trader.binance_spot_bbo | BBO BTCUSDT bid=87485.09 ask=87485.10 mid=87485.10
2025-12-25 18:48:00,207 | INFO | trader.binance_spot_bbo | BBO BTCUSDT bid=87485.09 ask=87485.10 mid=87485.10
2025-12-25 18:48:00,211 | INFO | trader.binance_spot_bbo | BBO BTCUSDT bid=87485.09 ask=87485.10 mid=87485.10
2025-12-25 18:48:00,211 | INFO | trader.binance_spot_bbo | BBO BTCUSDT bid=87482.00 ask=87485.10 mid=87483.55
2025-12-25 18:48:00,211 | INFO | trader.binance_spot_bbo | BBO BTCUSDT bid=87482.00 ask=87482.06 mid=87482.03
2025-12-25 18:48:00,212 | INFO | trader.binance_spot_bbo | BBO BTCUSDT bid=87482.00 ask=87482.06 mid=87482.03
2025-12-25 18:48:00,212 | INFO | trader.binance_spot_bbo | BBO BTCUSDT bid=87482.00 ask=87482.06 mid=87482.03
2025-12-25 18:48:00,212 | INFO | trader.binance_spot_bbo | BBO BTCUSDT bid=87482.00 ask=87482.06 mid=87482.03
2025-12-25 18:48:00,212 | INFO | trader.binance_spot_bbo | BBO BTCUSDT bid=87482.00 ask=87482.06 mid=87482.03
2025-12-25 18:48:00,212 | INFO | trader.binance_spot_bbo | BBO BTCUSDT bid=87482.00 ask=87482.01 mid=87482.01
2025-12-25 18:48:00,212 | INFO | trader.binance_spot_bbo | BBO BTCUSDT bid=87482.00 ask=87482.01 mid=87482.01
2025-12-25 18:48:00,212 | INFO | trader.binance_spot_bbo | BBO BTCUSDT bid=87482.00 ask=87482.01 mid=87482.01
2025-12-25 18:48:00,212 | INFO | trader.binance_spot_bbo | BBO BTCUSDT bid=87482.00 ask=87482.01 mid=87482.01
2025-12-25 18:48:00,212 | INFO | trader.binance_spot_bbo | BBO BTCUSDT bid=87482.00 ask=87482.01 mid=87482.01
2025-12-25 18:48:00,212 | INFO | trader.binance_spot_bbo | BBO BTCUSDT bid=87482.00 ask=87482.01 mid=87482.01
2025-12-25 18:48:00,212 | INFO | trader.binance_spot_bbo | BBO BTCUSDT bid=87482.00 ask=87482.01 mid=87482.01
2025-12-25 18:48:00,218 | INFO | trader.binance_spot_bbo | BBO BTCUSDT bid=87482.00 ask=87482.01 mid=87482.01
2025-12-25 18:48:00,218 | INFO | trader.binance_spot_bbo | BBO BTCUSDT bid=87482.00 ask=87482.01 mid=87482.01
2025-12-25 18:48:00,218 | INFO | trader.binance_spot_bbo | BBO BTCUSDT bid=87482.00 ask=87482.01 mid=87482.01
2025-12-25 18:48:00,218 | INFO | trader.binance_spot_bbo | BBO BTCUSDT bid=87482.00 ask=87482.01 mid=87482.01
2025-12-25 18:48:00,218 | INFO | trader.binance_spot_bbo | BBO BTCUSDT bid=87482.00 ask=87482.01 mid=87482.01
2025-12-25 18:48:00,218 | INFO | trader.binance_spot_bbo | BBO BTCUSDT bid=87482.00 ask=87482.01 mid=87482.01
2025-12-25 18:48:00,219 | INFO | trader.binance_spot_bbo | BBO BTCUSDT bid=87482.00 ask=87482.01 mid=87482.01
2025-12-25 18:48:00,219 | INFO | trader.binance_spot_bbo | BBO BTCUSDT bid=87482.00 ask=87482.01 mid=87482.01
2025-12-25 18:48:00,219 | INFO | trader.binance_spot_bbo | BBO BTCUSDT bid=87481.58 ask=87482.01 mid=87481.79
2025-12-25 18:48:00,219 | INFO | trader.binance_spot_bbo | BBO BTCUSDT bid=87481.58 ask=87481.98 mid=87481.78
2025-12-25 18:48:00,219 | INFO | trader.binance_spot_bbo | BBO BTCUSDT bid=87481.58 ask=87481.98 mid=87481.78
2025-12-25 18:48:00,219 | INFO | trader.binance_spot_bbo | BBO BTCUSDT bid=87481.58 ask=87481.96 mid=87481.77
2025-12-25 18:48:00,219 | INFO | trader.binance_spot_bbo | BBO BTCUSDT bid=87481.58 ask=87481.96 mid=87481.77
2025-12-25 18:48:00,219 | INFO | trader.binance_spot_bbo | BBO BTCUSDT bid=87481.58 ask=87481.59 mid=87481.58
2025-12-25 18:48:00,220 | INFO | trader.binance_spot_bbo | BBO BTCUSDT bid=87481.58 ask=87481.59 mid=87481.58
2025-12-25 18:48:00,220 | INFO | trader.binance_spot_bbo | BBO BTCUSDT bid=87481.58 ask=87481.59 mid=87481.58
2025-12-25 18:48:00,220 | INFO | trader.binance_spot_bbo | BBO BTCUSDT bid=87481.58 ask=87481.59 mid=87481.58
2025-12-25 18:48:00,220 | INFO | trader.binance_spot_bbo | BBO BTCUSDT bid=87481.58 ask=87481.59 mid=87481.58
2025-12-25 18:48:00,220 | INFO | trader.binance_spot_bbo | BBO BTCUSDT bid=87481.58 ask=87481.59 mid=87481.58
2025-12-25 18:48:00,220 | INFO | trader.binance_spot_bbo | BBO BTCUSDT bid=87481.58 ask=87481.59 mid=87481.58
2025-12-25 18:48:00,227 | INFO | trader.binance_spot_bbo | BBO BTCUSDT bid=87481.58 ask=87481.59 mid=87481.58
2025-12-25 18:48:00,228 | INFO | trader.binance_spot_bbo | BBO BTCUSDT bid=87481.58 ask=87481.59 mid=87481.58
2025-12-25 18:48:00,228 | INFO | trader.binance_spot_bbo | BBO BTCUSDT bid=87481.58 ask=87481.59 mid=87481.58
2025-12-25 18:48:00,228 | INFO | trader.binance_spot_bbo | BBO BTCUSDT bid=87481.58 ask=87481.59 mid=87481.58
2025-12-25 18:48:00,228 | INFO | trader.binance_spot_bbo | BBO BTCUSDT bid=87481.58 ask=87481.59 mid=87481.58
2025-12-25 18:48:00,228 | INFO | trader.binance_spot_bbo | BBO BTCUSDT bid=87481.58 ask=87481.59 mid=87481.58
2025-12-25 18:48:00,228 | INFO | trader.binance_spot_bbo | BBO BTCUSDT bid=87481.58 ask=87481.59 mid=87481.58
2025-12-25 18:48:00,228 | INFO | trader.binance_spot_bbo | BBO BTCUSDT bid=87481.58 ask=87481.59 mid=87481.58
2025-12-25 18:48:00,228 | INFO | trader.binance_spot_bbo | BBO BTCUSDT bid=87481.58 ask=87481.59 mid=87481.58
2025-12-25 18:48:00,228 | INFO | trader.binance_spot_bbo | BBO BTCUSDT bid=87481.58 ask=87481.59 mid=87481.58
2025-12-25 18:48:00,229 | INFO | trader.binance_spot_bbo | BBO BTCUSDT bid=87481.58 ask=87481.59 mid=87481.58
2025-12-25 18:48:00,229 | INFO | trader.binance_spot_bbo | BBO BTCUSDT bid=87481.58 ask=87481.59 mid=87481.58
2025-12-25 18:48:00,229 | INFO | trader.binance_spot_bbo | BBO BTCUSDT bid=87481.58 ask=87481.59 mid=87481.58
2025-12-25 18:48:00,229 | INFO | trader.binance_spot_bbo | BBO BTCUSDT bid=87481.58 ask=87481.59 mid=87481.58
2025-12-25 18:48:00,229 | INFO | trader.binance_spot_bbo | BBO BTCUSDT bid=87481.58 ask=87481.59 mid=87481.58
2025-12-25 18:48:00,229 | INFO | trader.binance_spot_bbo | BBO BTCUSDT bid=87481.58 ask=87481.59 mid=87481.58
2025-12-25 18:48:00,229 | INFO | trader.binance_spot_bbo | BBO BTCUSDT bid=87481.58 ask=87481.59 mid=87481.58
2025-12-25 18:48:00,229 | INFO | trader.binance_spot_bbo | BBO BTCUSDT bid=87481.58 ask=87481.59 mid=87481.58
2025-12-25 18:48:00,229 | INFO | trader.binance_spot_bbo | BBO BTCUSDT bid=87481.58 ask=87481.59 mid=87481.58
2025-12-25 18:48:00,229 | INFO | trader.binance_spot_bbo | BBO BTCUSDT bid=87481.58 ask=87481.59 mid=87481.58
2025-12-25 18:48:00,229 | INFO | trader.binance_spot_bbo | BBO BTCUSDT bid=87481.58 ask=87481.59 mid=87481.58
2025-12-25 18:48:00,230 | INFO | trader.binance_spot_bbo | BBO BTCUSDT bid=87481.58 ask=87481.59 mid=87481.58
2025-12-25 18:48:00,230 | INFO | trader.binance_spot_bbo | BBO BTCUSDT bid=87481.58 ask=87481.59 mid=87481.58
2025-12-25 18:48:00,230 | INFO | trader.binance_spot_bbo | BBO BTCUSDT bid=87481.58 ask=87481.59 mid=87481.58
2025-12-25 18:48:00,230 | INFO | trader.binance_spot_bbo | BBO BTCUSDT bid=87481.58 ask=87481.59 mid=87481.58
2025-12-25 18:48:00,230 | INFO | trader.binance_spot_bbo | BBO BTCUSDT bid=87481.58 ask=87481.59 mid=87481.58
2025-12-25 18:48:00,230 | INFO | trader.binance_spot_bbo | BBO BTCUSDT bid=87481.58 ask=87481.59 mid=87481.58
2025-12-25 18:48:00,230 | INFO | trader.binance_spot_bbo | BBO BTCUSDT bid=87481.58 ask=87481.59 mid=87481.58
2025-12-25 18:48:00,230 | INFO | trader.binance_spot_bbo | BBO BTCUSDT bid=87481.58 ask=87481.59 mid=87481.58
2025-12-25 18:48:00,231 | INFO | trader.binance_spot_bbo | BBO BTCUSDT bid=87481.58 ask=87481.59 mid=87481.58
2025-12-25 18:48:00,231 | INFO | trader.binance_spot_bbo | BBO BTCUSDT bid=87481.58 ask=87481.59 mid=87481.58
2025-12-25 18:48:00,231 | INFO | trader.binance_spot_bbo | BBO BTCUSDT bid=87481.58 ask=87481.59 mid=87481.58
2025-12-25 18:48:00,231 | INFO | trader.binance_spot_bbo | BBO BTCUSDT bid=87481.58 ask=87481.59 mid=87481.58
2025-12-25 18:48:00,231 | INFO | trader.binance_spot_bbo | BBO BTCUSDT bid=87481.58 ask=87481.59 mid=87481.58
2025-12-25 18:48:00,231 | INFO | trader.binance_spot_bbo | BBO BTCUSDT bid=87481.58 ask=87481.59 mid=87481.58
2025-12-25 18:48:00,232 | INFO | trader.binance_spot_bbo | BBO BTCUSDT bid=87481.58 ask=87481.59 mid=87481.58
2025-12-25 18:48:00,232 | INFO | trader.binance_spot_bbo | BBO BTCUSDT bid=87481.58 ask=87481.59 mid=87481.58
2025-12-25 18:48:00,232 | INFO | trader.binance_spot_bbo | BBO BTCUSDT bid=87481.58 ask=87481.59 mid=87481.58
2025-12-25 18:48:00,232 | INFO | trader.binance_spot_bbo | BBO BTCUSDT bid=87481.58 ask=87481.59 mid=87481.58
2025-12-25 18:48:00,232 | INFO | trader.binance_spot_bbo | BBO BTCUSDT bid=87481.58 ask=87481.59 mid=87481.58
2025-12-25 18:48:00,232 | INFO | trader.binance_spot_bbo | BBO BTCUSDT bid=87481.58 ask=87481.59 mid=87481.58
2025-12-25 18:48:00,232 | INFO | trader.binance_spot_bbo | BBO BTCUSDT bid=87481.58 ask=87481.59 mid=87481.58
2025-12-25 18:48:00,233 | INFO | trader.binance_spot_bbo | BBO BTCUSDT bid=87481.58 ask=87481.59 mid=87481.58
2025-12-25 18:48:00,233 | INFO | trader.binance_spot_bbo | BBO BTCUSDT bid=87481.58 ask=87481.59 mid=87481.58
2025-12-25 18:48:00,233 | INFO | trader.binance_spot_bbo | BBO BTCUSDT bid=87481.58 ask=87481.59 mid=87481.58
2025-12-25 18:48:00,233 | INFO | trader.binance_spot_bbo | BBO BTCUSDT bid=87481.58 ask=87481.59 mid=87481.58
2025-12-25 18:48:00,233 | INFO | trader.binance_spot_bbo | BBO BTCUSDT bid=87481.58 ask=87481.59 mid=87481.58
2025-12-25 18:48:00,233 | INFO | trader.binance_spot_bbo | BBO BTCUSDT bid=87481.58 ask=87481.59 mid=87481.58
2025-12-25 18:48:00,233 | INFO | trader.binance_spot_bbo | BBO BTCUSDT bid=87481.58 ask=87481.59 mid=87481.58
2025-12-25 18:48:00,233 | INFO | trader.binance_spot_bbo | BBO BTCUSDT bid=87481.58 ask=87481.59 mid=87481.58
2025-12-25 18:48:00,234 | INFO | trader.binance_spot_bbo | BBO BTCUSDT bid=87481.58 ask=87481.59 mid=87481.58
2025-12-25 18:48:00,234 | INFO | trader.binance_spot_bbo | BBO BTCUSDT bid=87481.58 ask=87481.59 mid=87481.58
2025-12-25 18:48:00,234 | INFO | trader.binance_spot_bbo | BBO BTCUSDT bid=87481.58 ask=87481.59 mid=87481.58
2025-12-25 18:48:00,234 | INFO | trader.binance_spot_bbo | BBO BTCUSDT bid=87481.58 ask=87481.59 mid=87481.58
2025-12-25 18:48:00,234 | INFO | trader.binance_spot_bbo | BBO BTCUSDT bid=87481.58 ask=87481.59 mid=87481.58
2025-12-25 18:48:00,234 | INFO | trader.binance_spot_bbo | BBO BTCUSDT bid=87481.58 ask=87481.59 mid=87481.58
2025-12-25 18:48:00,234 | INFO | trader.binance_spot_bbo | BBO BTCUSDT bid=87481.58 ask=87481.59 mid=87481.58
2025-12-25 18:48:00,234 | INFO | trader.binance_spot_bbo | BBO BTCUSDT bid=87481.58 ask=87481.59 mid=87481.58
2025-12-25 18:48:00,234 | INFO | trader.binance_spot_bbo | BBO BTCUSDT bid=87481.58 ask=87481.59 mid=87481.58
2025-12-25 18:48:00,234 | INFO | trader.binance_spot_bbo | BBO BTCUSDT bid=87481.58 ask=87481.59 mid=87481.58
2025-12-25 18:48:00,235 | INFO | trader.binance_spot_bbo | BBO BTCUSDT bid=87481.58 ask=87481.59 mid=87481.58
2025-12-25 18:48:00,235 | INFO | trader.binance_spot_bbo | BBO BTCUSDT bid=87481.58 ask=87481.59 mid=87481.58
2025-12-25 18:48:00,235 | INFO | trader.binance_spot_bbo | BBO BTCUSDT bid=87481.58 ask=87481.59 mid=87481.58
2025-12-25 18:48:00,235 | INFO | trader.binance_spot_bbo | BBO BTCUSDT bid=87481.58 ask=87481.59 mid=87481.58
2025-12-25 18:48:00,235 | INFO | trader.binance_spot_bbo | BBO BTCUSDT bid=87481.58 ask=87481.59 mid=87481.58
2025-12-25 18:48:00,235 | INFO | trader.binance_spot_bbo | BBO BTCUSDT bid=87481.58 ask=87481.59 mid=87481.58
2025-12-25 18:48:00,235 | INFO | trader.binance_spot_bbo | BBO BTCUSDT bid=87481.58 ask=87481.59 mid=87481.58
2025-12-25 18:48:00,235 | INFO | trader.binance_spot_bbo | BBO BTCUSDT bid=87481.58 ask=87481.59 mid=87481.58
2025-12-25 18:48:00,235 | INFO | trader.binance_spot_bbo | BBO BTCUSDT bid=87481.58 ask=87481.59 mid=87481.58
2025-12-25 18:48:00,235 | INFO | trader.binance_spot_bbo | BBO BTCUSDT bid=87481.58 ask=87481.59 mid=87481.58
2025-12-25 18:48:00,236 | INFO | trader.binance_spot_bbo | BBO BTCUSDT bid=87481.58 ask=87481.59 mid=87481.58
2025-12-25 18:48:00,236 | INFO | trader.binance_spot_bbo | BBO BTCUSDT bid=87481.58 ask=87481.59 mid=87481.58
2025-12-25 18:48:00,236 | INFO | trader.binance_spot_bbo | BBO BTCUSDT bid=87481.58 ask=87481.59 mid=87481.58
2025-12-25 18:48:00,236 | INFO | trader.binance_spot_bbo | BBO BTCUSDT bid=87481.58 ask=87481.59 mid=87481.58
2025-12-25 18:48:00,236 | INFO | trader.binance_spot_bbo | BBO BTCUSDT bid=87481.58 ask=87481.59 mid=87481.58
2025-12-25 18:48:00,236 | INFO | trader.binance_spot_bbo | BBO BTCUSDT bid=87481.58 ask=87481.59 mid=87481.58
2025-12-25 18:48:00,236 | INFO | trader.binance_spot_bbo | BBO BTCUSDT bid=87481.58 ask=87481.59 mid=87481.58
2025-12-25 18:48:00,236 | INFO | trader.binance_spot_bbo | BBO BTCUSDT bid=87481.58 ask=87481.59 mid=87481.58
2025-12-25 18:48:00,236 | INFO | trader.binance_spot_bbo | BBO BTCUSDT bid=87481.58 ask=87481.59 mid=87481.58
2025-12-25 18:48:00,237 | INFO | trader.binance_spot_bbo | BBO BTCUSDT bid=87481.58 ask=87481.59 mid=87481.58
2025-12-25 18:48:00,237 | INFO | trader.binance_spot_bbo | BBO BTCUSDT bid=87481.58 ask=87481.59 mid=87481.58
2025-12-25 18:48:00,237 | INFO | trader.binance_spot_bbo | BBO BTCUSDT bid=87481.58 ask=87481.59 mid=87481.58
2025-12-25 18:48:00,237 | INFO | trader.binance_spot_bbo | BBO BTCUSDT bid=87481.58 ask=87481.59 mid=87481.58
2025-12-25 18:48:00,237 | INFO | trader.binance_spot_bbo | BBO BTCUSDT bid=87481.58 ask=87481.59 mid=87481.58
2025-12-25 18:48:00,237 | INFO | trader.binance_spot_bbo | BBO BTCUSDT bid=87481.58 ask=87481.59 mid=87481.58
2025-12-25 18:48:00,237 | INFO | trader.binance_spot_bbo | BBO BTCUSDT bid=87481.58 ask=87481.59 mid=87481.58
2025-12-25 18:48:00,237 | INFO | trader.binance_spot_bbo | BBO BTCUSDT bid=87481.58 ask=87481.59 mid=87481.58
2025-12-25 18:48:00,238 | INFO | trader.binance_spot_bbo | BBO BTCUSDT bid=87481.58 ask=87481.59 mid=87481.58
2025-12-25 18:48:00,238 | INFO | trader.binance_spot_bbo | BBO BTCUSDT bid=87481.58 ask=87481.59 mid=87481.58
2025-12-25 18:48:00,238 | INFO | trader.binance_spot_bbo | BBO BTCUSDT bid=87481.58 ask=87481.59 mid=87481.58
2025-12-25 18:48:00,238 | INFO | trader.binance_spot_bbo | BBO BTCUSDT bid=87481.58 ask=87481.59 mid=87481.58
2025-12-25 18:48:00,238 | INFO | trader.binance_spot_bbo | BBO BTCUSDT bid=87481.58 ask=87481.59 mid=87481.58
2025-12-25 18:48:00,238 | INFO | trader.binance_spot_bbo | BBO BTCUSDT bid=87481.58 ask=87481.59 mid=87481.58
2025-12-25 18:48:00,238 | INFO | trader.binance_spot_bbo | BBO BTCUSDT bid=87481.58 ask=87481.59 mid=87481.58
2025-12-25 18:48:00,238 | INFO | trader.binance_spot_bbo | BBO BTCUSDT bid=87481.58 ask=87481.59 mid=87481.58
2025-12-25 18:48:00,239 | INFO | trader.binance_spot_bbo | BBO BTCUSDT bid=87481.58 ask=87481.59 mid=87481.58
2025-12-25 18:48:00,239 | INFO | trader.binance_spot_bbo | BBO BTCUSDT bid=87481.58 ask=87481.59 mid=87481.58
2025-12-25 18:48:00,239 | INFO | trader.binance_spot_bbo | BBO BTCUSDT bid=87481.58 ask=87481.59 mid=87481.58
2025-12-25 18:48:00,240 | INFO | trader.binance_spot_bbo | BBO BTCUSDT bid=87481.58 ask=87481.59 mid=87481.58
2025-12-25 18:48:00,240 | INFO | trader.binance_spot_bbo | BBO BTCUSDT bid=87480.37 ask=87481.59 mid=87480.98
2025-12-25 18:48:00,240 | INFO | trader.binance_spot_bbo | BBO BTCUSDT bid=87480.37 ask=87481.59 mid=87480.98
2025-12-25 18:48:00,240 | INFO | trader.binance_spot_bbo | BBO BTCUSDT bid=87480.37 ask=87481.56 mid=87480.96
2025-12-25 18:48:00,240 | INFO | trader.binance_spot_bbo | BBO BTCUSDT bid=87480.37 ask=87481.54 mid=87480.95
2025-12-25 18:48:00,240 | INFO | trader.binance_spot_bbo | BBO BTCUSDT bid=87480.37 ask=87480.38 mid=87480.38
2025-12-25 18:48:00,240 | INFO | trader.binance_spot_bbo | BBO BTCUSDT bid=87480.37 ask=87480.38 mid=87480.38
2025-12-25 18:48:00,240 | INFO | trader.binance_spot_bbo | BBO BTCUSDT bid=87480.37 ask=87480.38 mid=87480.38
2025-12-25 18:48:00,240 | INFO | trader.binance_spot_bbo | BBO BTCUSDT bid=87480.37 ask=87480.38 mid=87480.38
2025-12-25 18:48:00,241 | INFO | trader.binance_spot_bbo | BBO BTCUSDT bid=87480.37 ask=87480.38 mid=87480.38
2025-12-25 18:48:00,241 | INFO | trader.binance_spot_bbo | BBO BTCUSDT bid=87480.37 ask=87480.38 mid=87480.38
2025-12-25 18:48:00,241 | INFO | trader.binance_spot_bbo | BBO BTCUSDT bid=87480.37 ask=87480.38 mid=87480.38
2025-12-25 18:48:00,241 | INFO | trader.binance_spot_bbo | BBO BTCUSDT bid=87480.37 ask=87480.38 mid=87480.38
2025-12-25 18:48:00,241 | INFO | trader.binance_spot_bbo | BBO BTCUSDT bid=87480.37 ask=87480.38 mid=87480.38
2025-12-25 18:48:00,242 | INFO | trader.binance_spot_bbo | BBO BTCUSDT bid=87480.37 ask=87480.38 mid=87480.38
2025-12-25 18:48:00,244 | INFO | trader.binance_spot_bbo | BBO BTCUSDT bid=87480.37 ask=87480.38 mid=87480.38
2025-12-25 18:48:00,244 | INFO | trader.binance_spot_bbo | BBO BTCUSDT bid=87480.37 ask=87480.38 mid=87480.38
2025-12-25 18:48:00,247 | INFO | trader.binance_spot_bbo | BBO BTCUSDT bid=87480.37 ask=87480.38 mid=87480.38
2025-12-25 18:48:00,248 | INFO | trader.binance_spot_bbo | BBO BTCUSDT bid=87480.37 ask=87480.38 mid=87480.38
2025-12-25 18:48:00,248 | INFO | trader.binance_spot_bbo | BBO BTCUSDT bid=87480.37 ask=87480.38 mid=87480.38
2025-12-25 18:48:00,248 | INFO | trader.binance_spot_bbo | BBO BTCUSDT bid=87480.37 ask=87480.38 mid=87480.38
2025-12-25 18:48:00,248 | INFO | trader.binance_spot_bbo | BBO BTCUSDT bid=87480.37 ask=87480.38 mid=87480.38
2025-12-25 18:48:00,248 | INFO | trader.binance_spot_bbo | BBO BTCUSDT bid=87480.37 ask=87480.38 mid=87480.38
2025-12-25 18:48:00,250 | INFO | trader.binance_spot_bbo | BBO BTCUSDT bid=87480.37 ask=87480.38 mid=87480.38
2025-12-25 18:48:00,251 | INFO | trader.binance_spot_bbo | BBO BTCUSDT bid=87480.37 ask=87480.38 mid=87480.38
2025-12-25 18:48:00,251 | INFO | trader.binance_spot_bbo | BBO BTCUSDT bid=87480.37 ask=87480.38 mid=87480.38
2025-12-25 18:48:00,251 | INFO | trader.binance_spot_bbo | BBO BTCUSDT bid=87480.37 ask=87480.38 mid=87480.38
2025-12-25 18:48:00,251 | INFO | trader.binance_spot_bbo | BBO BTCUSDT bid=87480.37 ask=87480.38 mid=87480.38
2025-12-25 18:48:00,251 | INFO | trader.binance_spot_bbo | BBO BTCUSDT bid=87480.37 ask=87480.38 mid=87480.38
2025-12-25 18:48:00,251 | INFO | trader.binance_spot_bbo | BBO BTCUSDT bid=87480.37 ask=87480.38 mid=87480.38
2025-12-25 18:48:00,251 | INFO | trader.binance_spot_bbo | BBO BTCUSDT bid=87480.37 ask=87480.38 mid=87480.38
2025-12-25 18:48:00,251 | INFO | trader.binance_spot_bbo | BBO BTCUSDT bid=87480.37 ask=87480.38 mid=87480.38
2025-12-25 18:48:00,251 | INFO | trader.binance_spot_bbo | BBO BTCUSDT bid=87480.37 ask=87480.38 mid=87480.38
2025-12-25 18:48:00,251 | INFO | trader.binance_spot_bbo | BBO BTCUSDT bid=87480.37 ask=87480.38 mid=87480.38
2025-12-25 18:48:00,251 | INFO | trader.binance_spot_bbo | BBO BTCUSDT bid=87480.37 ask=87480.38 mid=87480.38
2025-12-25 18:48:00,252 | INFO | trader.binance_spot_bbo | BBO BTCUSDT bid=87480.37 ask=87480.38 mid=87480.38
2025-12-25 18:48:00,252 | INFO | trader.binance_spot_bbo | BBO BTCUSDT bid=87480.37 ask=87480.38 mid=87480.38
2025-12-25 18:48:00,252 | INFO | trader.binance_spot_bbo | BBO BTCUSDT bid=87480.37 ask=87480.38 mid=87480.38
2025-12-25 18:48:00,252 | INFO | trader.binance_spot_bbo | BBO BTCUSDT bid=87480.37 ask=87480.38 mid=87480.38
2025-12-25 18:48:00,252 | INFO | trader.binance_spot_bbo | BBO BTCUSDT bid=87480.37 ask=87480.38 mid=87480.38
2025-12-25 18:48:00,252 | INFO | trader.binance_spot_bbo | BBO BTCUSDT bid=87480.37 ask=87480.38 mid=87480.38
2025-12-25 18:48:00,252 | INFO | trader.binance_spot_bbo | BBO BTCUSDT bid=87480.37 ask=87480.38 mid=87480.38
2025-12-25 18:48:00,252 | INFO | trader.binance_spot_bbo | BBO BTCUSDT bid=87480.37 ask=87480.38 mid=87480.38
2025-12-25 18:48:00,252 | INFO | trader.binance_spot_bbo | BBO BTCUSDT bid=87480.37 ask=87480.38 mid=87480.38
2025-12-25 18:48:00,252 | INFO | trader.binance_spot_bbo | BBO BTCUSDT bid=87480.37 ask=87480.38 mid=87480.38
2025-12-25 18:48:00,252 | INFO | trader.binance_spot_bbo | BBO BTCUSDT bid=87480.37 ask=87480.38 mid=87480.38
2025-12-25 18:48:00,253 | INFO | trader.binance_spot_bbo | BBO BTCUSDT bid=87480.37 ask=87480.38 mid=87480.38
2025-12-25 18:48:00,253 | INFO | trader.binance_spot_bbo | BBO BTCUSDT bid=87480.37 ask=87480.38 mid=87480.38
2025-12-25 18:48:00,253 | INFO | trader.binance_spot_bbo | BBO BTCUSDT bid=87480.37 ask=87480.38 mid=87480.38
2025-12-25 18:48:00,253 | INFO | trader.binance_spot_bbo | BBO BTCUSDT bid=87480.37 ask=87480.38 mid=87480.38
2025-12-25 18:48:00,253 | INFO | trader.binance_spot_bbo | BBO BTCUSDT bid=87480.37 ask=87480.38 mid=87480.38
2025-12-25 18:48:00,253 | INFO | trader.binance_spot_bbo | BBO BTCUSDT bid=87480.37 ask=87480.38 mid=87480.38
2025-12-25 18:48:00,253 | INFO | trader.binance_spot_bbo | BBO BTCUSDT bid=87480.37 ask=87480.38 mid=87480.38
2025-12-25 18:48:00,253 | INFO | trader.binance_spot_bbo | BBO BTCUSDT bid=87480.37 ask=87480.38 mid=87480.38
2025-12-25 18:48:00,253 | INFO | trader.binance_spot_bbo | BBO BTCUSDT bid=87480.37 ask=87480.38 mid=87480.38
2025-12-25 18:48:00,254 | INFO | trader.binance_spot_bbo | BBO BTCUSDT bid=87480.37 ask=87480.38 mid=87480.38
2025-12-25 18:48:00,254 | INFO | trader.binance_spot_bbo | BBO BTCUSDT bid=87480.37 ask=87480.38 mid=87480.38
2025-12-25 18:48:00,254 | INFO | trader.binance_spot_bbo | BBO BTCUSDT bid=87480.37 ask=87480.38 mid=87480.38
2025-12-25 18:48:00,254 | INFO | trader.binance_spot_bbo | BBO BTCUSDT bid=87480.37 ask=87480.38 mid=87480.38
2025-12-25 18:48:00,254 | INFO | trader.binance_spot_bbo | BBO BTCUSDT bid=87480.37 ask=87480.38 mid=87480.38
2025-12-25 18:48:00,254 | INFO | trader.binance_spot_bbo | BBO BTCUSDT bid=87480.37 ask=87480.38 mid=87480.38
2025-12-25 18:48:00,254 | INFO | trader.binance_spot_bbo | BBO BTCUSDT bid=87480.37 ask=87480.38 mid=87480.38
2025-12-25 18:48:00,255 | INFO | trader.binance_spot_bbo | BBO BTCUSDT bid=87480.37 ask=87480.38 mid=87480.38
2025-12-25 18:48:00,255 | INFO | trader.binance_spot_bbo | BBO BTCUSDT bid=87480.37 ask=87480.38 mid=87480.38
2025-12-25 18:48:00,255 | INFO | trader.binance_spot_bbo | BBO BTCUSDT bid=87480.37 ask=87480.38 mid=87480.38
2025-12-25 18:48:00,255 | INFO | trader.binance_spot_bbo | BBO BTCUSDT bid=87480.37 ask=87480.38 mid=87480.38
2025-12-25 18:48:00,255 | INFO | trader.binance_spot_bbo | BBO BTCUSDT bid=87480.37 ask=87480.38 mid=87480.38
2025-12-25 18:48:00,255 | INFO | trader.binance_spot_bbo | BBO BTCUSDT bid=87480.37 ask=87480.38 mid=87480.38
2025-12-25 18:48:00,255 | INFO | trader.binance_spot_bbo | BBO BTCUSDT bid=87480.37 ask=87480.38 mid=87480.38
2025-12-25 18:48:00,255 | INFO | trader.binance_spot_bbo | BBO BTCUSDT bid=87480.37 ask=87480.38 mid=87480.38
2025-12-25 18:48:00,256 | INFO | trader.binance_spot_bbo | BBO BTCUSDT bid=87480.37 ask=87480.38 mid=87480.38
2025-12-25 18:48:00,256 | INFO | trader.binance_spot_bbo | BBO BTCUSDT bid=87480.37 ask=87480.38 mid=87480.38
2025-12-25 18:48:00,256 | INFO | trader.binance_spot_bbo | BBO BTCUSDT bid=87480.37 ask=87480.38 mid=87480.38
2025-12-25 18:48:00,256 | INFO | trader.binance_spot_bbo | BBO BTCUSDT bid=87480.37 ask=87480.38 mid=87480.38
2025-12-25 18:48:00,256 | INFO | trader.binance_spot_bbo | BBO BTCUSDT bid=87480.37 ask=87480.38 mid=87480.38
2025-12-25 18:48:00,256 | INFO | trader.binance_spot_bbo | BBO BTCUSDT bid=87480.37 ask=87480.38 mid=87480.38
2025-12-25 18:48:00,256 | INFO | trader.binance_spot_bbo | BBO BTCUSDT bid=87480.37 ask=87480.38 mid=87480.38
2025-12-25 18:48:00,256 | INFO | trader.binance_spot_bbo | BBO BTCUSDT bid=87480.37 ask=87480.38 mid=87480.38
2025-12-25 18:48:00,256 | INFO | trader.binance_spot_bbo | BBO BTCUSDT bid=87480.37 ask=87480.38 mid=87480.38
2025-12-25 18:48:00,257 | INFO | trader.binance_spot_bbo | BBO BTCUSDT bid=87480.37 ask=87480.38 mid=87480.38
2025-12-25 18:48:00,257 | INFO | trader.binance_spot_bbo | BBO BTCUSDT bid=87480.37 ask=87480.38 mid=87480.38
2025-12-25 18:48:00,257 | INFO | trader.binance_spot_bbo | BBO BTCUSDT bid=87480.37 ask=87480.38 mid=87480.38
2025-12-25 18:48:00,257 | INFO | trader.binance_spot_bbo | BBO BTCUSDT bid=87480.37 ask=87480.38 mid=87480.38
2025-12-25 18:48:00,257 | INFO | trader.binance_spot_bbo | BBO BTCUSDT bid=87480.37 ask=87480.38 mid=87480.38
2025-12-25 18:48:00,257 | INFO | trader.binance_spot_bbo | BBO BTCUSDT bid=87480.37 ask=87480.38 mid=87480.38
2025-12-25 18:48:00,257 | INFO | trader.binance_spot_bbo | BBO BTCUSDT bid=87480.37 ask=87480.38 mid=87480.38
2025-12-25 18:48:00,257 | INFO | trader.binance_spot_bbo | BBO BTCUSDT bid=87480.37 ask=87480.38 mid=87480.38
2025-12-25 18:48:00,258 | INFO | trader.binance_spot_bbo | BBO BTCUSDT bid=87480.37 ask=87480.38 mid=87480.38
2025-12-25 18:48:00,258 | INFO | trader.binance_spot_bbo | BBO BTCUSDT bid=87480.37 ask=87480.38 mid=87480.38
2025-12-25 18:48:00,258 | INFO | trader.binance_spot_bbo | BBO BTCUSDT bid=87480.37 ask=87480.38 mid=87480.38
2025-12-25 18:48:00,258 | INFO | trader.binance_spot_bbo | BBO BTCUSDT bid=87480.37 ask=87480.38 mid=87480.38
2025-12-25 18:48:00,258 | INFO | trader.binance_spot_bbo | BBO BTCUSDT bid=87480.37 ask=87480.38 mid=87480.38
2025-12-25 18:48:00,258 | INFO | trader.binance_spot_bbo | BBO BTCUSDT bid=87480.37 ask=87480.38 mid=87480.38
2025-12-25 18:48:00,259 | INFO | trader.binance_spot_bbo | BBO BTCUSDT bid=87480.37 ask=87480.38 mid=87480.38
2025-12-25 18:48:00,261 | INFO | trader.binance_spot_bbo | BBO BTCUSDT bid=87480.37 ask=87480.38 mid=87480.38
2025-12-25 18:48:00,261 | INFO | trader.binance_spot_bbo | BBO BTCUSDT bid=87480.37 ask=87480.38 mid=87480.38
2025-12-25 18:48:00,262 | INFO | trader.binance_spot_bbo | BBO BTCUSDT bid=87480.37 ask=87480.38 mid=87480.38
2025-12-25 18:48:00,262 | INFO | trader.binance_spot_bbo | BBO BTCUSDT bid=87480.37 ask=87480.38 mid=87480.38
2025-12-25 18:48:00,262 | INFO | trader.binance_spot_bbo | BBO BTCUSDT bid=87480.37 ask=87480.38 mid=87480.38
2025-12-25 18:48:00,262 | INFO | trader.binance_spot_bbo | BBO BTCUSDT bid=87480.37 ask=87480.38 mid=87480.38
2025-12-25 18:48:00,262 | INFO | trader.binance_spot_bbo | BBO BTCUSDT bid=87480.37 ask=87480.38 mid=87480.38
2025-12-25 18:48:00,262 | INFO | trader.binance_spot_bbo | BBO BTCUSDT bid=87480.37 ask=87480.38 mid=87480.38
2025-12-25 18:48:00,266 | INFO | trader.binance_spot_bbo | BBO BTCUSDT bid=87480.37 ask=87480.38 mid=87480.38
2025-12-25 18:48:00,267 | INFO | trader.binance_spot_bbo | BBO BTCUSDT bid=87480.37 ask=87480.38 mid=87480.38
2025-12-25 18:48:00,268 | INFO | trader.binance_spot_bbo | BBO BTCUSDT bid=87480.37 ask=87480.38 mid=87480.38
2025-12-25 18:48:00,268 | INFO | trader.binance_spot_bbo | BBO BTCUSDT bid=87480.37 ask=87480.38 mid=87480.38
2025-12-25 18:48:00,268 | INFO | trader.binance_spot_bbo | BBO BTCUSDT bid=87480.37 ask=87480.38 mid=87480.38
2025-12-25 18:48:00,268 | INFO | trader.binance_spot_bbo | BBO BTCUSDT bid=87480.37 ask=87480.38 mid=87480.38
2025-12-25 18:48:00,269 | INFO | trader.binance_spot_bbo | BBO BTCUSDT bid=87480.37 ask=87480.38 mid=87480.38
2025-12-25 18:48:00,270 | INFO | trader.binance_spot_bbo | BBO BTCUSDT bid=87480.37 ask=87480.38 mid=87480.38
2025-12-25 18:48:00,270 | INFO | trader.binance_spot_bbo | BBO BTCUSDT bid=87480.00 ask=87480.38 mid=87480.19
2025-12-25 18:48:00,270 | INFO | trader.binance_spot_bbo | BBO BTCUSDT bid=87480.00 ask=87480.01 mid=87480.01
2025-12-25 18:48:00,270 | INFO | trader.binance_spot_bbo | BBO BTCUSDT bid=87480.00 ask=87480.01 mid=87480.01
2025-12-25 18:48:00,271 | INFO | trader.binance_spot_bbo | BBO BTCUSDT bid=87480.00 ask=87480.01 mid=87480.01
2025-12-25 18:48:00,271 | INFO | trader.binance_spot_bbo | BBO BTCUSDT bid=87480.00 ask=87480.01 mid=87480.01
2025-12-25 18:48:00,271 | INFO | trader.binance_spot_bbo | BBO BTCUSDT bid=87480.00 ask=87480.01 mid=87480.01
2025-12-25 18:48:00,271 | INFO | trader.binance_spot_bbo | BBO BTCUSDT bid=87480.00 ask=87480.01 mid=87480.01
2025-12-25 18:48:00,271 | INFO | trader.binance_spot_bbo | BBO BTCUSDT bid=87480.00 ask=87480.01 mid=87480.01
2025-12-25 18:48:00,271 | INFO | trader.binance_spot_bbo | BBO BTCUSDT bid=87480.00 ask=87480.01 mid=87480.01
2025-12-25 18:48:00,271 | INFO | trader.binance_spot_bbo | BBO BTCUSDT bid=87480.00 ask=87480.01 mid=87480.01
2025-12-25 18:48:00,271 | INFO | trader.binance_spot_bbo | BBO BTCUSDT bid=87480.00 ask=87480.01 mid=87480.01
2025-12-25 18:48:00,271 | INFO | trader.binance_spot_bbo | BBO BTCUSDT bid=87480.00 ask=87480.01 mid=87480.01
2025-12-25 18:48:00,271 | INFO | trader.binance_spot_bbo | BBO BTCUSDT bid=87480.00 ask=87480.01 mid=87480.01
2025-12-25 18:48:00,272 | INFO | trader.binance_spot_bbo | BBO BTCUSDT bid=87480.00 ask=87480.01 mid=87480.01
2025-12-25 18:48:00,272 | INFO | trader.binance_spot_bbo | BBO BTCUSDT bid=87480.00 ask=87480.01 mid=87480.01
2025-12-25 18:48:00,272 | INFO | trader.binance_spot_bbo | BBO BTCUSDT bid=87480.00 ask=87480.01 mid=87480.01
2025-12-25 18:48:00,272 | INFO | trader.binance_spot_bbo | BBO BTCUSDT bid=87480.00 ask=87480.01 mid=87480.01
2025-12-25 18:48:00,272 | INFO | trader.binance_spot_bbo | BBO BTCUSDT bid=87480.00 ask=87480.01 mid=87480.01
2025-12-25 18:48:00,272 | INFO | trader.binance_spot_bbo | BBO BTCUSDT bid=87480.00 ask=87480.01 mid=87480.01
2025-12-25 18:48:00,272 | INFO | trader.binance_spot_bbo | BBO BTCUSDT bid=87480.00 ask=87480.01 mid=87480.01
2025-12-25 18:48:00,272 | INFO | trader.binance_spot_bbo | BBO BTCUSDT bid=87480.00 ask=87480.01 mid=87480.01
2025-12-25 18:48:00,272 | INFO | trader.binance_spot_bbo | BBO BTCUSDT bid=87480.00 ask=87480.01 mid=87480.01
2025-12-25 18:48:00,273 | INFO | trader.binance_spot_bbo | BBO BTCUSDT bid=87480.00 ask=87480.01 mid=87480.01
2025-12-25 18:48:00,273 | INFO | trader.binance_spot_bbo | BBO BTCUSDT bid=87480.00 ask=87480.01 mid=87480.01
2025-12-25 18:48:00,273 | INFO | trader.binance_spot_bbo | BBO BTCUSDT bid=87480.00 ask=87480.01 mid=87480.01
2025-12-25 18:48:00,273 | INFO | trader.binance_spot_bbo | BBO BTCUSDT bid=87480.00 ask=87480.01 mid=87480.01
2025-12-25 18:48:00,274 | INFO | trader.binance_spot_bbo | BBO BTCUSDT bid=87480.00 ask=87480.01 mid=87480.01
2025-12-25 18:48:00,274 | INFO | trader.binance_spot_bbo | BBO BTCUSDT bid=87480.00 ask=87480.01 mid=87480.01
2025-12-25 18:48:00,274 | INFO | trader.binance_spot_bbo | BBO BTCUSDT bid=87480.00 ask=87480.01 mid=87480.01
2025-12-25 18:48:00,274 | INFO | trader.binance_spot_bbo | BBO BTCUSDT bid=87480.00 ask=87480.01 mid=87480.01
2025-12-25 18:48:00,274 | INFO | trader.binance_spot_bbo | BBO BTCUSDT bid=87480.00 ask=87480.01 mid=87480.01
2025-12-25 18:48:00,275 | INFO | trader.binance_spot_bbo | BBO BTCUSDT bid=87480.00 ask=87480.01 mid=87480.01
2025-12-25 18:48:00,275 | INFO | trader.binance_spot_bbo | BBO BTCUSDT bid=87480.00 ask=87480.01 mid=87480.01
2025-12-25 18:48:00,275 | INFO | trader.binance_spot_bbo | BBO BTCUSDT bid=87480.00 ask=87480.01 mid=87480.01
2025-12-25 18:48:00,275 | INFO | trader.binance_spot_bbo | BBO BTCUSDT bid=87480.00 ask=87480.01 mid=87480.01
2025-12-25 18:48:00,275 | INFO | trader.binance_spot_bbo | BBO BTCUSDT bid=87480.00 ask=87480.01 mid=87480.01
2025-12-25 18:48:00,275 | INFO | trader.binance_spot_bbo | BBO BTCUSDT bid=87480.00 ask=87480.01 mid=87480.01
2025-12-25 18:48:00,275 | INFO | trader.binance_spot_bbo | BBO BTCUSDT bid=87480.00 ask=87480.01 mid=87480.01
2025-12-25 18:48:00,275 | INFO | trader.binance_spot_bbo | BBO BTCUSDT bid=87480.00 ask=87480.01 mid=87480.01
2025-12-25 18:48:00,275 | INFO | trader.binance_spot_bbo | BBO BTCUSDT bid=87480.00 ask=87480.01 mid=87480.01
2025-12-25 18:48:00,276 | INFO | trader.binance_spot_bbo | BBO BTCUSDT bid=87480.00 ask=87480.01 mid=87480.01
2025-12-25 18:48:00,276 | INFO | trader.binance_spot_bbo | BBO BTCUSDT bid=87480.00 ask=87480.01 mid=87480.01
2025-12-25 18:48:00,276 | INFO | trader.binance_spot_bbo | BBO BTCUSDT bid=87480.00 ask=87480.01 mid=87480.01
2025-12-25 18:48:00,276 | INFO | trader.binance_spot_bbo | BBO BTCUSDT bid=87480.00 ask=87480.01 mid=87480.01
2025-12-25 18:48:00,276 | INFO | trader.binance_spot_bbo | BBO BTCUSDT bid=87480.00 ask=87480.01 mid=87480.01
2025-12-25 18:48:00,276 | INFO | trader.binance_spot_bbo | BBO BTCUSDT bid=87480.00 ask=87480.01 mid=87480.01
2025-12-25 18:48:00,276 | INFO | trader.binance_spot_bbo | BBO BTCUSDT bid=87480.00 ask=87480.01 mid=87480.01
2025-12-25 18:48:00,276 | INFO | trader.binance_spot_bbo | BBO BTCUSDT bid=87480.00 ask=87480.01 mid=87480.01
2025-12-25 18:48:00,276 | INFO | trader.binance_spot_bbo | BBO BTCUSDT bid=87480.00 ask=87480.01 mid=87480.01
2025-12-25 18:48:00,277 | INFO | trader.binance_spot_bbo | BBO BTCUSDT bid=87480.00 ask=87480.01 mid=87480.01
2025-12-25 18:48:00,277 | INFO | trader.binance_spot_bbo | BBO BTCUSDT bid=87480.00 ask=87480.01 mid=87480.01
2025-12-25 18:48:00,277 | INFO | trader.binance_spot_bbo | BBO BTCUSDT bid=87480.00 ask=87480.01 mid=87480.01
2025-12-25 18:48:00,277 | INFO | trader.binance_spot_bbo | BBO BTCUSDT bid=87480.00 ask=87480.01 mid=87480.01
2025-12-25 18:48:00,277 | INFO | trader.binance_spot_bbo | BBO BTCUSDT bid=87480.00 ask=87480.01 mid=87480.01
2025-12-25 18:48:00,277 | INFO | trader.binance_spot_bbo | BBO BTCUSDT bid=87480.00 ask=87480.01 mid=87480.01
2025-12-25 18:48:00,278 | INFO | trader.binance_spot_bbo | BBO BTCUSDT bid=87480.00 ask=87480.01 mid=87480.01
2025-12-25 18:48:00,278 | INFO | trader.binance_spot_bbo | BBO BTCUSDT bid=87480.00 ask=87480.01 mid=87480.01
2025-12-25 18:48:00,278 | INFO | trader.binance_spot_bbo | BBO BTCUSDT bid=87480.00 ask=87480.01 mid=87480.01
2025-12-25 18:48:00,278 | INFO | trader.binance_spot_bbo | BBO BTCUSDT bid=87480.00 ask=87480.01 mid=87480.01
2025-12-25 18:48:00,278 | INFO | trader.binance_spot_bbo | BBO BTCUSDT bid=87480.00 ask=87480.01 mid=87480.01
2025-12-25 18:48:00,278 | INFO | trader.binance_spot_bbo | BBO BTCUSDT bid=87480.00 ask=87480.01 mid=87480.01
2025-12-25 18:48:00,278 | INFO | trader.binance_spot_bbo | BBO BTCUSDT bid=87480.00 ask=87480.01 mid=87480.01
2025-12-25 18:48:00,278 | INFO | trader.binance_spot_bbo | BBO BTCUSDT bid=87480.00 ask=87480.01 mid=87480.01
2025-12-25 18:48:00,278 | INFO | trader.binance_spot_bbo | BBO BTCUSDT bid=87480.00 ask=87480.01 mid=87480.01
2025-12-25 18:48:00,278 | INFO | trader.binance_spot_bbo | BBO BTCUSDT bid=87480.00 ask=87480.01 mid=87480.01
2025-12-25 18:48:00,278 | INFO | trader.binance_spot_bbo | BBO BTCUSDT bid=87480.00 ask=87480.01 mid=87480.01
2025-12-25 18:48:00,279 | INFO | trader.binance_spot_bbo | BBO BTCUSDT bid=87480.00 ask=87480.01 mid=87480.01
2025-12-25 18:48:00,279 | INFO | trader.binance_spot_bbo | BBO BTCUSDT bid=87480.00 ask=87480.01 mid=87480.01
2025-12-25 18:48:00,279 | INFO | trader.binance_spot_bbo | BBO BTCUSDT bid=87480.00 ask=87480.01 mid=87480.01
2025-12-25 18:48:00,279 | INFO | trader.binance_spot_bbo | BBO BTCUSDT bid=87480.00 ask=87480.01 mid=87480.01
2025-12-25 18:48:00,279 | INFO | trader.binance_spot_bbo | BBO BTCUSDT bid=87480.00 ask=87480.01 mid=87480.01
2025-12-25 18:48:00,279 | INFO | trader.binance_spot_bbo | BBO BTCUSDT bid=87480.00 ask=87480.01 mid=87480.01
2025-12-25 18:48:00,279 | INFO | trader.binance_spot_bbo | BBO BTCUSDT bid=87480.00 ask=87480.01 mid=87480.01
2025-12-25 18:48:00,279 | INFO | trader.binance_spot_bbo | BBO BTCUSDT bid=87480.00 ask=87480.01 mid=87480.01
2025-12-25 18:48:00,279 | INFO | trader.binance_spot_bbo | BBO BTCUSDT bid=87480.00 ask=87480.01 mid=87480.01
2025-12-25 18:48:00,279 | INFO | trader.binance_spot_bbo | BBO BTCUSDT bid=87480.00 ask=87480.01 mid=87480.01
2025-12-25 18:48:00,280 | INFO | trader.binance_spot_bbo | BBO BTCUSDT bid=87480.00 ask=87480.01 mid=87480.01
2025-12-25 18:48:00,280 | INFO | trader.binance_spot_bbo | BBO BTCUSDT bid=87480.00 ask=87480.01 mid=87480.01
2025-12-25 18:48:00,280 | INFO | trader.binance_spot_bbo | BBO BTCUSDT bid=87480.00 ask=87480.01 mid=87480.01
2025-12-25 18:48:00,280 | INFO | trader.binance_spot_bbo | BBO BTCUSDT bid=87480.00 ask=87480.01 mid=87480.01
2025-12-25 18:48:00,280 | INFO | trader.binance_spot_bbo | BBO BTCUSDT bid=87480.00 ask=87480.01 mid=87480.01
2025-12-25 18:48:00,280 | INFO | trader.binance_spot_bbo | BBO BTCUSDT bid=87480.00 ask=87480.01 mid=87480.01
2025-12-25 18:48:00,281 | INFO | trader.binance_spot_bbo | BBO BTCUSDT bid=87480.00 ask=87480.01 mid=87480.01
2025-12-25 18:48:00,281 | INFO | trader.binance_spot_bbo | BBO BTCUSDT bid=87480.00 ask=87480.01 mid=87480.01
2025-12-25 18:48:00,282 | INFO | trader.binance_spot_bbo | BBO BTCUSDT bid=87480.00 ask=87480.01 mid=87480.01
2025-12-25 18:48:00,282 | INFO | trader.binance_spot_bbo | BBO BTCUSDT bid=87480.00 ask=87480.01 mid=87480.01
2025-12-25 18:48:00,282 | INFO | trader.binance_spot_bbo | BBO BTCUSDT bid=87480.00 ask=87480.01 mid=87480.01
2025-12-25 18:48:00,282 | INFO | trader.binance_spot_bbo | BBO BTCUSDT bid=87480.00 ask=87480.01 mid=87480.01
2025-12-25 18:48:00,283 | INFO | trader.binance_spot_bbo | BBO BTCUSDT bid=87480.00 ask=87480.01 mid=87480.01
2025-12-25 18:48:00,283 | INFO | trader.binance_spot_bbo | BBO BTCUSDT bid=87480.00 ask=87480.01 mid=87480.01
2025-12-25 18:48:00,286 | INFO | trader.binance_spot_bbo | BBO BTCUSDT bid=87480.00 ask=87480.01 mid=87480.01
2025-12-25 18:48:00,286 | INFO | trader.binance_spot_bbo | BBO BTCUSDT bid=87480.00 ask=87480.01 mid=87480.01
2025-12-25 18:48:00,288 | INFO | trader.binance_spot_bbo | BBO BTCUSDT bid=87480.00 ask=87480.01 mid=87480.01
2025-12-25 18:48:00,290 | INFO | trader.binance_spot_bbo | BBO BTCUSDT bid=87480.00 ask=87480.01 mid=87480.01
2025-12-25 18:48:00,291 | INFO | trader.binance_spot_bbo | BBO BTCUSDT bid=87480.00 ask=87480.01 mid=87480.01
2025-12-25 18:48:00,296 | INFO | trader.binance_spot_bbo | BBO BTCUSDT bid=87480.00 ask=87480.01 mid=87480.01
2025-12-25 18:48:00,308 | INFO | trader.binance_spot_bbo | BBO BTCUSDT bid=87480.00 ask=87480.01 mid=87480.01
2025-12-25 18:48:00,312 | INFO | trader.binance_spot_bbo | BBO BTCUSDT bid=87480.00 ask=87480.01 mid=87480.01
2025-12-25 18:48:00,313 | INFO | trader.binance_spot_bbo | BBO BTCUSDT bid=87480.00 ask=87480.01 mid=87480.01
2025-12-25 18:48:00,314 | INFO | trader.binance_spot_bbo | BBO BTCUSDT bid=87480.00 ask=87480.01 mid=87480.01
2025-12-25 18:48:00,314 | INFO | trader.binance_spot_bbo | BBO BTCUSDT bid=87480.00 ask=87480.01 mid=87480.01
2025-12-25 18:48:00,315 | INFO | trader.binance_spot_bbo | BBO BTCUSDT bid=87480.00 ask=87480.01 mid=87480.01
2025-12-25 18:48:00,318 | INFO | trader.binance_spot_bbo | BBO BTCUSDT bid=87480.00 ask=87480.01 mid=87480.01
2025-12-25 18:48:00,319 | INFO | trader.binance_spot_bbo | BBO BTCUSDT bid=87480.00 ask=87480.01 mid=87480.01
2025-12-25 18:48:00,319 | INFO | trader.binance_spot_bbo | BBO BTCUSDT bid=87480.00 ask=87480.01 mid=87480.01
2025-12-25 18:48:00,320 | INFO | trader.binance_spot_bbo | BBO BTCUSDT bid=87480.00 ask=87480.01 mid=87480.01
2025-12-25 18:48:00,320 | INFO | trader.binance_spot_bbo | BBO BTCUSDT bid=87480.00 ask=87480.01 mid=87480.01
2025-12-25 18:48:00,320 | INFO | trader.binance_spot_bbo | BBO BTCUSDT bid=87480.00 ask=87480.01 mid=87480.01
2025-12-25 18:48:00,320 | INFO | trader.binance_spot_bbo | BBO BTCUSDT bid=87480.00 ask=87480.01 mid=87480.01
2025-12-25 18:48:00,320 | INFO | trader.binance_spot_bbo | BBO BTCUSDT bid=87480.00 ask=87480.01 mid=87480.01
2025-12-25 18:48:00,320 | INFO | trader.binance_spot_bbo | BBO BTCUSDT bid=87480.00 ask=87480.01 mid=87480.01
2025-12-25 18:48:00,320 | INFO | trader.binance_spot_bbo | BBO BTCUSDT bid=87480.00 ask=87480.01 mid=87480.01
2025-12-25 18:48:00,320 | INFO | trader.binance_spot_bbo | BBO BTCUSDT bid=87480.00 ask=87480.01 mid=87480.01
2025-12-25 18:48:00,320 | INFO | trader.binance_spot_bbo | BBO BTCUSDT bid=87480.00 ask=87480.01 mid=87480.01
2025-12-25 18:48:00,321 | INFO | trader.binance_spot_bbo | BBO BTCUSDT bid=87480.00 ask=87480.01 mid=87480.01
2025-12-25 18:48:00,321 | INFO | trader.binance_spot_bbo | BBO BTCUSDT bid=87480.00 ask=87480.01 mid=87480.01
2025-12-25 18:48:00,321 | INFO | trader.binance_spot_bbo | BBO BTCUSDT bid=87480.00 ask=87480.01 mid=87480.01
2025-12-25 18:48:00,322 | INFO | trader.binance_spot_bbo | BBO BTCUSDT bid=87480.00 ask=87480.01 mid=87480.01
2025-12-25 18:48:00,322 | INFO | trader.binance_spot_bbo | BBO BTCUSDT bid=87480.00 ask=87480.01 mid=87480.01
2025-12-25 18:48:00,322 | INFO | trader.binance_spot_bbo | BBO BTCUSDT bid=87480.00 ask=87480.01 mid=87480.01
2025-12-25 18:48:00,324 | INFO | trader.binance_spot_bbo | BBO BTCUSDT bid=87480.00 ask=87480.01 mid=87480.01
2025-12-25 18:48:00,324 | INFO | trader.binance_spot_bbo | BBO BTCUSDT bid=87480.00 ask=87480.01 mid=87480.01
2025-12-25 18:48:00,325 | INFO | trader.binance_spot_bbo | BBO BTCUSDT bid=87480.00 ask=87480.01 mid=87480.01
2025-12-25 18:48:00,329 | INFO | trader.binance_spot_bbo | BBO BTCUSDT bid=87480.00 ask=87480.01 mid=87480.01
2025-12-25 18:48:00,336 | INFO | trader.binance_spot_bbo | BBO BTCUSDT bid=87480.00 ask=87480.01 mid=87480.01
2025-12-25 18:48:00,352 | INFO | trader.binance_spot_bbo | BBO BTCUSDT bid=87480.00 ask=87480.01 mid=87480.01
2025-12-25 18:48:00,354 | INFO | trader.binance_spot_bbo | BBO BTCUSDT bid=87480.00 ask=87480.01 mid=87480.01
2025-12-25 18:48:00,354 | INFO | trader.binance_spot_bbo | BBO BTCUSDT bid=87480.00 ask=87480.01 mid=87480.01
2025-12-25 18:48:00,354 | INFO | trader.binance_spot_bbo | BBO BTCUSDT bid=87480.00 ask=87480.01 mid=87480.01
2025-12-25 18:48:00,356 | INFO | trader.binance_spot_bbo | BBO BTCUSDT bid=87480.00 ask=87480.01 mid=87480.01
2025-12-25 18:48:00,357 | INFO | trader.binance_spot_bbo | BBO BTCUSDT bid=87480.00 ask=87480.01 mid=87480.01
2025-12-25 18:48:00,369 | INFO | trader.binance_spot_bbo | BBO BTCUSDT bid=87480.00 ask=87480.01 mid=87480.01
2025-12-25 18:48:00,369 | INFO | trader.binance_spot_bbo | BBO BTCUSDT bid=87480.00 ask=87480.01 mid=87480.01
2025-12-25 18:48:00,369 | INFO | trader.binance_spot_bbo | BBO BTCUSDT bid=87480.00 ask=87480.01 mid=87480.01
2025-12-25 18:48:00,369 | INFO | trader.binance_spot_bbo | BBO BTCUSDT bid=87480.00 ask=87480.01 mid=87480.01
2025-12-25 18:48:00,369 | INFO | trader.binance_spot_bbo | BBO BTCUSDT bid=87480.00 ask=87480.01 mid=87480.01
2025-12-25 18:48:00,369 | INFO | trader.binance_spot_bbo | BBO BTCUSDT bid=87480.00 ask=87480.01 mid=87480.01
2025-12-25 18:48:00,369 | INFO | trader.binance_spot_bbo | BBO BTCUSDT bid=87480.00 ask=87480.01 mid=87480.01
2025-12-25 18:48:00,370 | INFO | trader.binance_spot_bbo | BBO BTCUSDT bid=87480.00 ask=87480.01 mid=87480.01
2025-12-25 18:48:00,370 | INFO | trader.binance_spot_bbo | BBO BTCUSDT bid=87480.00 ask=87480.01 mid=87480.01
2025-12-25 18:48:00,370 | INFO | trader.binance_spot_bbo | BBO BTCUSDT bid=87480.00 ask=87480.01 mid=87480.01
2025-12-25 18:48:00,370 | INFO | trader.binance_spot_bbo | BBO BTCUSDT bid=87480.00 ask=87480.01 mid=87480.01
2025-12-25 18:48:00,370 | INFO | trader.binance_spot_bbo | BBO BTCUSDT bid=87480.00 ask=87480.01 mid=87480.01
2025-12-25 18:48:00,370 | INFO | trader.binance_spot_bbo | BBO BTCUSDT bid=87480.00 ask=87480.01 mid=87480.01
2025-12-25 18:48:00,387 | INFO | trader.binance_spot_bbo | BBO BTCUSDT bid=87480.00 ask=87480.01 mid=87480.01
2025-12-25 18:48:00,410 | INFO | trader.binance_spot_bbo | BBO BTCUSDT bid=87480.00 ask=87480.01 mid=87480.01
2025-12-25 18:48:00,416 | INFO | trader.binance_spot_bbo | BBO BTCUSDT bid=87480.00 ask=87480.01 mid=87480.01
2025-12-25 18:48:00,418 | INFO | trader.binance_spot_bbo | BBO BTCUSDT bid=87480.00 ask=87480.01 mid=87480.01
2025-12-25 18:48:00,419 | INFO | trader.binance_spot_bbo | BBO BTCUSDT bid=87480.00 ask=87480.01 mid=87480.01
2025-12-25 18:48:00,419 | INFO | trader.binance_spot_bbo | BBO BTCUSDT bid=87480.00 ask=87480.01 mid=87480.01
2025-12-25 18:48:00,419 | INFO | trader.binance_spot_bbo | BBO BTCUSDT bid=87480.00 ask=87480.01 mid=87480.01
2025-12-25 18:48:00,419 | INFO | trader.binance_spot_bbo | BBO BTCUSDT bid=87480.00 ask=87480.01 mid=87480.01
2025-12-25 18:48:00,419 | INFO | trader.binance_spot_bbo | BBO BTCUSDT bid=87480.00 ask=87480.01 mid=87480.01
2025-12-25 18:48:00,420 | INFO | trader.binance_spot_bbo | BBO BTCUSDT bid=87480.00 ask=87480.01 mid=87480.01
2025-12-25 18:48:00,420 | INFO | trader.binance_spot_bbo | BBO BTCUSDT bid=87480.00 ask=87480.01 mid=87480.01
2025-12-25 18:48:00,420 | INFO | trader.binance_spot_bbo | BBO BTCUSDT bid=87480.00 ask=87480.01 mid=87480.01
2025-12-25 18:48:00,420 | INFO | trader.binance_spot_bbo | BBO BTCUSDT bid=87480.00 ask=87480.01 mid=87480.01
2025-12-25 18:48:00,420 | INFO | trader.binance_spot_bbo | BBO BTCUSDT bid=87480.00 ask=87480.01 mid=87480.01
2025-12-25 18:48:00,421 | INFO | trader.binance_spot_bbo | BBO BTCUSDT bid=87480.00 ask=87480.01 mid=87480.01
2025-12-25 18:48:00,421 | INFO | trader.binance_spot_bbo | BBO BTCUSDT bid=87480.00 ask=87480.01 mid=87480.01
2025-12-25 18:48:00,421 | INFO | trader.binance_spot_bbo | BBO BTCUSDT bid=87480.00 ask=87480.01 mid=87480.01
2025-12-25 18:48:00,421 | INFO | trader.binance_spot_bbo | BBO BTCUSDT bid=87480.00 ask=87480.01 mid=87480.01
2025-12-25 18:48:00,421 | INFO | trader.binance_spot_bbo | BBO BTCUSDT bid=87480.00 ask=87480.01 mid=87480.01
2025-12-25 18:48:00,421 | INFO | trader.binance_spot_bbo | BBO BTCUSDT bid=87480.00 ask=87480.01 mid=87480.01
2025-12-25 18:48:00,439 | INFO | trader.binance_spot_bbo | BBO BTCUSDT bid=87480.00 ask=87480.01 mid=87480.01
2025-12-25 18:48:00,443 | INFO | trader.binance_spot_bbo | BBO BTCUSDT bid=87480.00 ask=87480.01 mid=87480.01
2025-12-25 18:48:00,456 | INFO | trader.binance_spot_bbo | BBO BTCUSDT bid=87480.00 ask=87480.01 mid=87480.01
2025-12-25 18:48:00,458 | INFO | trader.binance_spot_bbo | BBO BTCUSDT bid=87480.00 ask=87480.01 mid=87480.01
2025-12-25 18:48:00,459 | INFO | trader.binance_spot_bbo | BBO BTCUSDT bid=87480.00 ask=87480.01 mid=87480.01
2025-12-25 18:48:00,469 | INFO | trader.binance_spot_bbo | BBO BTCUSDT bid=87480.00 ask=87480.01 mid=87480.01
2025-12-25 18:48:00,473 | INFO | trader.binance_spot_bbo | BBO BTCUSDT bid=87478.86 ask=87479.93 mid=87479.39
2025-12-25 18:48:00,473 | INFO | trader.binance_spot_bbo | BBO BTCUSDT bid=87478.86 ask=87479.93 mid=87479.39
2025-12-25 18:48:00,473 | INFO | trader.binance_spot_bbo | BBO BTCUSDT bid=87478.86 ask=87479.93 mid=87479.39
2025-12-25 18:48:00,473 | INFO | trader.binance_spot_bbo | BBO BTCUSDT bid=87478.86 ask=87479.93 mid=87479.39
2025-12-25 18:48:00,473 | INFO | trader.binance_spot_bbo | BBO BTCUSDT bid=87478.86 ask=87479.93 mid=87479.39
2025-12-25 18:48:00,473 | INFO | trader.binance_spot_bbo | BBO BTCUSDT bid=87478.86 ask=87479.93 mid=87479.39
2025-12-25 18:48:00,474 | INFO | trader.binance_spot_bbo | BBO BTCUSDT bid=87478.86 ask=87479.62 mid=87479.24
2025-12-25 18:48:00,474 | INFO | trader.binance_spot_bbo | BBO BTCUSDT bid=87478.86 ask=87479.59 mid=87479.23
2025-12-25 18:48:00,474 | INFO | trader.binance_spot_bbo | BBO BTCUSDT bid=87478.86 ask=87478.87 mid=87478.86
2025-12-25 18:48:00,474 | INFO | trader.binance_spot_bbo | BBO BTCUSDT bid=87478.86 ask=87478.87 mid=87478.86
2025-12-25 18:48:00,476 | INFO | trader.binance_spot_bbo | BBO BTCUSDT bid=87478.86 ask=87478.87 mid=87478.86
2025-12-25 18:48:00,476 | INFO | trader.binance_spot_bbo | BBO BTCUSDT bid=87478.86 ask=87478.87 mid=87478.86
2025-12-25 18:48:00,476 | INFO | trader.binance_spot_bbo | BBO BTCUSDT bid=87478.86 ask=87478.87 mid=87478.86
2025-12-25 18:48:00,476 | INFO | trader.binance_spot_bbo | BBO BTCUSDT bid=87478.86 ask=87478.87 mid=87478.86
2025-12-25 18:48:00,476 | INFO | trader.binance_spot_bbo | BBO BTCUSDT bid=87478.86 ask=87478.87 mid=87478.86
2025-12-25 18:48:00,476 | INFO | trader.binance_spot_bbo | BBO BTCUSDT bid=87478.86 ask=87478.87 mid=87478.86
2025-12-25 18:48:00,476 | INFO | trader.binance_spot_bbo | BBO BTCUSDT bid=87478.86 ask=87478.87 mid=87478.86
2025-12-25 18:48:00,476 | INFO | trader.binance_spot_bbo | BBO BTCUSDT bid=87478.86 ask=87478.87 mid=87478.86
2025-12-25 18:48:00,476 | INFO | trader.binance_spot_bbo | BBO BTCUSDT bid=87478.86 ask=87478.87 mid=87478.86
2025-12-25 18:48:00,476 | INFO | trader.binance_spot_bbo | BBO BTCUSDT bid=87478.86 ask=87478.87 mid=87478.86
2025-12-25 18:48:00,476 | INFO | trader.binance_spot_bbo | BBO BTCUSDT bid=87478.86 ask=87478.87 mid=87478.86
2025-12-25 18:48:00,477 | INFO | trader.binance_spot_bbo | BBO BTCUSDT bid=87478.86 ask=87478.87 mid=87478.86
2025-12-25 18:48:00,477 | INFO | trader.binance_spot_bbo | BBO BTCUSDT bid=87478.86 ask=87478.87 mid=87478.86
2025-12-25 18:48:00,477 | INFO | trader.binance_spot_bbo | BBO BTCUSDT bid=87478.86 ask=87478.87 mid=87478.86
2025-12-25 18:48:00,477 | INFO | trader.binance_spot_bbo | BBO BTCUSDT bid=87478.86 ask=87478.87 mid=87478.86
2025-12-25 18:48:00,477 | INFO | trader.binance_spot_bbo | BBO BTCUSDT bid=87478.86 ask=87478.87 mid=87478.86
2025-12-25 18:48:00,477 | INFO | trader.binance_spot_bbo | BBO BTCUSDT bid=87478.86 ask=87478.87 mid=87478.86
2025-12-25 18:48:00,477 | INFO | trader.binance_spot_bbo | BBO BTCUSDT bid=87478.86 ask=87478.87 mid=87478.86
2025-12-25 18:48:00,477 | INFO | trader.binance_spot_bbo | BBO BTCUSDT bid=87478.86 ask=87478.87 mid=87478.86
2025-12-25 18:48:00,477 | INFO | trader.binance_spot_bbo | BBO BTCUSDT bid=87478.86 ask=87478.87 mid=87478.86
2025-12-25 18:48:00,477 | INFO | trader.binance_spot_bbo | BBO BTCUSDT bid=87478.86 ask=87478.87 mid=87478.86
2025-12-25 18:48:00,477 | INFO | trader.binance_spot_bbo | BBO BTCUSDT bid=87478.86 ask=87478.87 mid=87478.86
2025-12-25 18:48:00,478 | INFO | trader.binance_spot_bbo | BBO BTCUSDT bid=87478.86 ask=87478.87 mid=87478.86
2025-12-25 18:48:00,478 | INFO | trader.binance_spot_bbo | BBO BTCUSDT bid=87478.86 ask=87478.87 mid=87478.86
2025-12-25 18:48:00,478 | INFO | trader.binance_spot_bbo | BBO BTCUSDT bid=87478.86 ask=87478.87 mid=87478.86
2025-12-25 18:48:00,478 | INFO | trader.binance_spot_bbo | BBO BTCUSDT bid=87478.86 ask=87478.87 mid=87478.86
2025-12-25 18:48:00,478 | INFO | trader.binance_spot_bbo | BBO BTCUSDT bid=87478.86 ask=87478.87 mid=87478.86
2025-12-25 18:48:00,478 | INFO | trader.binance_spot_bbo | BBO BTCUSDT bid=87478.86 ask=87478.87 mid=87478.86
2025-12-25 18:48:00,478 | INFO | trader.binance_spot_bbo | BBO BTCUSDT bid=87478.86 ask=87478.87 mid=87478.86
2025-12-25 18:48:00,478 | INFO | trader.binance_spot_bbo | BBO BTCUSDT bid=87478.86 ask=87478.87 mid=87478.86
2025-12-25 18:48:00,479 | INFO | trader.binance_spot_bbo | BBO BTCUSDT bid=87478.86 ask=87478.87 mid=87478.86
2025-12-25 18:48:00,479 | INFO | trader.binance_spot_bbo | BBO BTCUSDT bid=87478.86 ask=87478.87 mid=87478.86
2025-12-25 18:48:00,479 | INFO | trader.binance_spot_bbo | BBO BTCUSDT bid=87478.86 ask=87478.87 mid=87478.86
2025-12-25 18:48:00,479 | INFO | trader.binance_spot_bbo | BBO BTCUSDT bid=87478.86 ask=87478.87 mid=87478.86
2025-12-25 18:48:00,479 | INFO | trader.binance_spot_bbo | BBO BTCUSDT bid=87478.86 ask=87478.87 mid=87478.86
2025-12-25 18:48:00,479 | INFO | trader.binance_spot_bbo | BBO BTCUSDT bid=87478.86 ask=87478.87 mid=87478.86
2025-12-25 18:48:00,479 | INFO | trader.binance_spot_bbo | BBO BTCUSDT bid=87478.86 ask=87478.87 mid=87478.86
2025-12-25 18:48:00,479 | INFO | trader.binance_spot_bbo | BBO BTCUSDT bid=87478.86 ask=87478.87 mid=87478.86
2025-12-25 18:48:00,480 | INFO | trader.binance_spot_bbo | BBO BTCUSDT bid=87478.86 ask=87478.87 mid=87478.86
2025-12-25 18:48:00,480 | INFO | trader.binance_spot_bbo | BBO BTCUSDT bid=87478.86 ask=87478.87 mid=87478.86
2025-12-25 18:48:00,480 | INFO | trader.binance_spot_bbo | BBO BTCUSDT bid=87478.86 ask=87478.87 mid=87478.86
2025-12-25 18:48:00,480 | INFO | trader.binance_spot_bbo | BBO BTCUSDT bid=87478.86 ask=87478.87 mid=87478.86
2025-12-25 18:48:00,480 | INFO | trader.binance_spot_bbo | BBO BTCUSDT bid=87478.86 ask=87478.87 mid=87478.86
2025-12-25 18:48:00,480 | INFO | trader.binance_spot_bbo | BBO BTCUSDT bid=87478.86 ask=87478.87 mid=87478.86
2025-12-25 18:48:00,480 | INFO | trader.binance_spot_bbo | BBO BTCUSDT bid=87478.86 ask=87478.87 mid=87478.86
2025-12-25 18:48:00,480 | INFO | trader.binance_spot_bbo | BBO BTCUSDT bid=87478.86 ask=87478.87 mid=87478.86
2025-12-25 18:48:00,480 | INFO | trader.binance_spot_bbo | BBO BTCUSDT bid=87478.86 ask=87478.87 mid=87478.86
2025-12-25 18:48:00,480 | INFO | trader.binance_spot_bbo | BBO BTCUSDT bid=87478.86 ask=87478.87 mid=87478.86
2025-12-25 18:48:00,481 | INFO | trader.binance_spot_bbo | BBO BTCUSDT bid=87478.86 ask=87478.87 mid=87478.86
2025-12-25 18:48:00,481 | INFO | trader.binance_spot_bbo | BBO BTCUSDT bid=87478.86 ask=87478.87 mid=87478.86
2025-12-25 18:48:00,481 | INFO | trader.binance_spot_bbo | BBO BTCUSDT bid=87478.86 ask=87478.87 mid=87478.86
2025-12-25 18:48:00,481 | INFO | trader.binance_spot_bbo | BBO BTCUSDT bid=87478.86 ask=87478.87 mid=87478.86
2025-12-25 18:48:00,481 | INFO | trader.binance_spot_bbo | BBO BTCUSDT bid=87478.86 ask=87478.87 mid=87478.86
2025-12-25 18:48:00,481 | INFO | trader.binance_spot_bbo | BBO BTCUSDT bid=87478.86 ask=87478.87 mid=87478.86
2025-12-25 18:48:00,481 | INFO | trader.binance_spot_bbo | BBO BTCUSDT bid=87478.86 ask=87478.87 mid=87478.86
2025-12-25 18:48:00,481 | INFO | trader.binance_spot_bbo | BBO BTCUSDT bid=87478.86 ask=87478.87 mid=87478.86
2025-12-25 18:48:00,481 | INFO | trader.binance_spot_bbo | BBO BTCUSDT bid=87478.86 ask=87478.87 mid=87478.86
2025-12-25 18:48:00,481 | INFO | trader.binance_spot_bbo | BBO BTCUSDT bid=87478.86 ask=87478.87 mid=87478.86
2025-12-25 18:48:00,481 | INFO | trader.binance_spot_bbo | BBO BTCUSDT bid=87478.86 ask=87478.87 mid=87478.86
2025-12-25 18:48:00,482 | INFO | trader.binance_spot_bbo | BBO BTCUSDT bid=87478.86 ask=87478.87 mid=87478.86
2025-12-25 18:48:00,482 | INFO | trader.binance_spot_bbo | BBO BTCUSDT bid=87478.86 ask=87478.87 mid=87478.86
2025-12-25 18:48:00,482 | INFO | trader.binance_spot_bbo | BBO BTCUSDT bid=87478.86 ask=87478.87 mid=87478.86
2025-12-25 18:48:00,482 | INFO | trader.binance_spot_bbo | BBO BTCUSDT bid=87478.86 ask=87478.87 mid=87478.86
2025-12-25 18:48:00,482 | INFO | trader.binance_spot_bbo | BBO BTCUSDT bid=87478.86 ask=87478.87 mid=87478.86
2025-12-25 18:48:00,483 | INFO | trader.binance_spot_bbo | BBO BTCUSDT bid=87478.86 ask=87478.87 mid=87478.86
2025-12-25 18:48:00,483 | INFO | trader.binance_spot_bbo | BBO BTCUSDT bid=87478.86 ask=87478.87 mid=87478.86
2025-12-25 18:48:00,483 | INFO | trader.binance_spot_bbo | BBO BTCUSDT bid=87478.86 ask=87478.87 mid=87478.86
2025-12-25 18:48:00,483 | INFO | trader.binance_spot_bbo | BBO BTCUSDT bid=87478.86 ask=87478.87 mid=87478.86
2025-12-25 18:48:00,483 | INFO | trader.binance_spot_bbo | BBO BTCUSDT bid=87478.86 ask=87478.87 mid=87478.86
2025-12-25 18:48:00,483 | INFO | trader.binance_spot_bbo | BBO BTCUSDT bid=87478.86 ask=87478.87 mid=87478.86
2025-12-25 18:48:00,483 | INFO | trader.binance_spot_bbo | BBO BTCUSDT bid=87478.86 ask=87478.87 mid=87478.86
2025-12-25 18:48:00,483 | INFO | trader.binance_spot_bbo | BBO BTCUSDT bid=87478.86 ask=87478.87 mid=87478.86
2025-12-25 18:48:00,483 | INFO | trader.binance_spot_bbo | BBO BTCUSDT bid=87478.86 ask=87478.87 mid=87478.86
2025-12-25 18:48:00,484 | INFO | trader.binance_spot_bbo | BBO BTCUSDT bid=87478.86 ask=87478.87 mid=87478.86
2025-12-25 18:48:00,484 | INFO | trader.binance_spot_bbo | BBO BTCUSDT bid=87478.86 ask=87478.87 mid=87478.86
2025-12-25 18:48:00,484 | INFO | trader.binance_spot_bbo | BBO BTCUSDT bid=87478.86 ask=87478.87 mid=87478.86
2025-12-25 18:48:00,484 | INFO | trader.binance_spot_bbo | BBO BTCUSDT bid=87478.86 ask=87478.87 mid=87478.86
2025-12-25 18:48:00,484 | INFO | trader.binance_spot_bbo | BBO BTCUSDT bid=87478.86 ask=87478.87 mid=87478.86
2025-12-25 18:48:00,484 | INFO | trader.binance_spot_bbo | BBO BTCUSDT bid=87478.86 ask=87478.87 mid=87478.86
2025-12-25 18:48:00,484 | INFO | trader.binance_spot_bbo | BBO BTCUSDT bid=87478.86 ask=87478.87 mid=87478.86
2025-12-25 18:48:00,484 | INFO | trader.binance_spot_bbo | BBO BTCUSDT bid=87478.86 ask=87478.87 mid=87478.86
2025-12-25 18:48:00,484 | INFO | trader.binance_spot_bbo | BBO BTCUSDT bid=87478.86 ask=87478.87 mid=87478.86
2025-12-25 18:48:00,484 | INFO | trader.binance_spot_bbo | BBO BTCUSDT bid=87478.86 ask=87478.87 mid=87478.86
2025-12-25 18:48:00,484 | INFO | trader.binance_spot_bbo | BBO BTCUSDT bid=87478.86 ask=87478.87 mid=87478.86
2025-12-25 18:48:00,485 | INFO | trader.binance_spot_bbo | BBO BTCUSDT bid=87478.86 ask=87478.87 mid=87478.86
2025-12-25 18:48:00,485 | INFO | trader.binance_spot_bbo | BBO BTCUSDT bid=87478.86 ask=87478.87 mid=87478.86
2025-12-25 18:48:00,485 | INFO | trader.binance_spot_bbo | BBO BTCUSDT bid=87478.86 ask=87478.87 mid=87478.86
2025-12-25 18:48:00,485 | INFO | trader.binance_spot_bbo | BBO BTCUSDT bid=87478.86 ask=87478.87 mid=87478.86
2025-12-25 18:48:00,485 | INFO | trader.binance_spot_bbo | BBO BTCUSDT bid=87478.86 ask=87478.87 mid=87478.86
2025-12-25 18:48:00,497 | INFO | trader.binance_spot_bbo | BBO BTCUSDT bid=87478.86 ask=87478.87 mid=87478.86
2025-12-25 18:48:00,497 | INFO | trader.binance_spot_bbo | BBO BTCUSDT bid=87478.86 ask=87478.87 mid=87478.86
2025-12-25 18:48:00,499 | INFO | trader.binance_spot_bbo | BBO BTCUSDT bid=87478.86 ask=87478.87 mid=87478.86
2025-12-25 18:48:00,500 | INFO | trader.binance_spot_bbo | BBO BTCUSDT bid=87478.86 ask=87478.87 mid=87478.86
2025-12-25 18:48:00,501 | INFO | trader.binance_spot_bbo | BBO BTCUSDT bid=87478.86 ask=87478.87 mid=87478.86
2025-12-25 18:48:00,518 | INFO | trader.binance_spot_bbo | BBO BTCUSDT bid=87478.86 ask=87478.87 mid=87478.86
2025-12-25 18:48:00,519 | INFO | trader.binance_spot_bbo | BBO BTCUSDT bid=87478.86 ask=87478.87 mid=87478.86
2025-12-25 18:48:00,519 | INFO | trader.binance_spot_bbo | BBO BTCUSDT bid=87478.86 ask=87478.87 mid=87478.86
2025-12-25 18:48:00,519 | INFO | trader.binance_spot_bbo | BBO BTCUSDT bid=87478.86 ask=87478.87 mid=87478.86
2025-12-25 18:48:00,519 | INFO | trader.binance_spot_bbo | BBO BTCUSDT bid=87478.86 ask=87478.87 mid=87478.86
2025-12-25 18:48:00,519 | INFO | trader.binance_spot_bbo | BBO BTCUSDT bid=87478.86 ask=87478.87 mid=87478.86
2025-12-25 18:48:00,520 | INFO | trader.binance_spot_bbo | BBO BTCUSDT bid=87478.86 ask=87478.87 mid=87478.86
2025-12-25 18:48:00,520 | INFO | trader.binance_spot_bbo | BBO BTCUSDT bid=87478.86 ask=87478.87 mid=87478.86
2025-12-25 18:48:00,520 | INFO | trader.binance_spot_bbo | BBO BTCUSDT bid=87478.86 ask=87478.87 mid=87478.86
2025-12-25 18:48:00,520 | INFO | trader.binance_spot_bbo | BBO BTCUSDT bid=87478.86 ask=87478.87 mid=87478.86
2025-12-25 18:48:00,520 | INFO | trader.binance_spot_bbo | BBO BTCUSDT bid=87478.86 ask=87478.87 mid=87478.86
2025-12-25 18:48:00,520 | INFO | trader.binance_spot_bbo | BBO BTCUSDT bid=87478.86 ask=87478.87 mid=87478.86
2025-12-25 18:48:00,521 | INFO | trader.binance_spot_bbo | BBO BTCUSDT bid=87478.86 ask=87478.87 mid=87478.86
2025-12-25 18:48:00,521 | INFO | trader.binance_spot_bbo | BBO BTCUSDT bid=87478.86 ask=87478.87 mid=87478.86
2025-12-25 18:48:00,522 | INFO | trader.binance_spot_bbo | BBO BTCUSDT bid=87478.86 ask=87478.87 mid=87478.86
2025-12-25 18:48:00,523 | INFO | trader.binance_spot_bbo | BBO BTCUSDT bid=87478.86 ask=87478.87 mid=87478.86
2025-12-25 18:48:00,523 | INFO | trader.binance_spot_bbo | BBO BTCUSDT bid=87478.86 ask=87478.87 mid=87478.86
2025-12-25 18:48:00,524 | INFO | trader.binance_spot_bbo | BBO BTCUSDT bid=87478.86 ask=87478.87 mid=87478.86
2025-12-25 18:48:00,532 | INFO | trader.binance_spot_bbo | BBO BTCUSDT bid=87478.86 ask=87478.87 mid=87478.86
2025-12-25 18:48:00,532 | INFO | trader.binance_spot_bbo | BBO BTCUSDT bid=87478.86 ask=87478.87 mid=87478.86
2025-12-25 18:48:00,546 | INFO | trader.binance_spot_bbo | BBO BTCUSDT bid=87478.86 ask=87478.87 mid=87478.86
2025-12-25 18:48:00,547 | INFO | trader.binance_spot_bbo | BBO BTCUSDT bid=87478.86 ask=87478.87 mid=87478.86
2025-12-25 18:48:00,547 | INFO | trader.binance_spot_bbo | BBO BTCUSDT bid=87478.86 ask=87478.87 mid=87478.86
2025-12-25 18:48:00,549 | INFO | trader.binance_spot_bbo | BBO BTCUSDT bid=87478.86 ask=87478.87 mid=87478.86
2025-12-25 18:48:00,561 | INFO | trader.binance_spot_bbo | BBO BTCUSDT bid=87478.86 ask=87478.87 mid=87478.86
2025-12-25 18:48:00,565 | INFO | trader.binance_spot_bbo | BBO BTCUSDT bid=87478.86 ask=87478.87 mid=87478.86
2025-12-25 18:48:00,568 | INFO | trader.binance_spot_bbo | BBO BTCUSDT bid=87478.86 ask=87478.87 mid=87478.86
2025-12-25 18:48:00,568 | INFO | trader.binance_spot_bbo | BBO BTCUSDT bid=87478.86 ask=87478.87 mid=87478.86
2025-12-25 18:48:00,569 | INFO | trader.binance_spot_bbo | BBO BTCUSDT bid=87478.86 ask=87478.87 mid=87478.86
2025-12-25 18:48:00,569 | INFO | trader.binance_spot_bbo | BBO BTCUSDT bid=87478.86 ask=87478.87 mid=87478.86
2025-12-25 18:48:00,572 | INFO | trader.binance_spot_bbo | BBO BTCUSDT bid=87478.86 ask=87478.87 mid=87478.86
2025-12-25 18:48:00,572 | INFO | trader.binance_spot_bbo | BBO BTCUSDT bid=87478.86 ask=87478.87 mid=87478.86
2025-12-25 18:48:00,573 | INFO | trader.binance_spot_bbo | BBO BTCUSDT bid=87478.86 ask=87478.87 mid=87478.86
2025-12-25 18:48:00,573 | INFO | trader.binance_spot_bbo | BBO BTCUSDT bid=87478.86 ask=87478.87 mid=87478.86
2025-12-25 18:48:00,574 | INFO | trader.binance_spot_bbo | BBO BTCUSDT bid=87478.86 ask=87478.87 mid=87478.86
2025-12-25 18:48:00,574 | INFO | trader.binance_spot_bbo | BBO BTCUSDT bid=87478.86 ask=87478.87 mid=87478.86
2025-12-25 18:48:00,575 | INFO | trader.binance_spot_bbo | BBO BTCUSDT bid=87478.86 ask=87478.87 mid=87478.86
2025-12-25 18:48:00,575 | INFO | trader.binance_spot_bbo | BBO BTCUSDT bid=87478.86 ask=87478.87 mid=87478.86
2025-12-25 18:48:00,575 | INFO | trader.binance_spot_bbo | BBO BTCUSDT bid=87478.86 ask=87478.87 mid=87478.86
2025-12-25 18:48:00,575 | INFO | trader.binance_spot_bbo | BBO BTCUSDT bid=87478.86 ask=87478.87 mid=87478.86
2025-12-25 18:48:00,576 | INFO | trader.binance_spot_bbo | BBO BTCUSDT bid=87478.86 ask=87478.87 mid=87478.86
2025-12-25 18:48:00,576 | INFO | trader.binance_spot_bbo | BBO BTCUSDT bid=87478.86 ask=87478.87 mid=87478.86
2025-12-25 18:48:00,578 | INFO | trader.binance_spot_bbo | BBO BTCUSDT bid=87478.86 ask=87478.87 mid=87478.86
2025-12-25 18:48:00,580 | INFO | trader.binance_spot_bbo | BBO BTCUSDT bid=87478.86 ask=87478.87 mid=87478.86
2025-12-25 18:48:00,594 | INFO | trader.binance_spot_bbo | BBO BTCUSDT bid=87478.86 ask=87478.87 mid=87478.86
2025-12-25 18:48:00,609 | INFO | trader.binance_spot_bbo | BBO BTCUSDT bid=87478.86 ask=87478.87 mid=87478.86
2025-12-25 18:48:00,618 | INFO | trader.binance_spot_bbo | BBO BTCUSDT bid=87478.86 ask=87478.87 mid=87478.86
2025-12-25 18:48:00,619 | INFO | trader.binance_spot_bbo | BBO BTCUSDT bid=87478.86 ask=87478.87 mid=87478.86
2025-12-25 18:48:00,619 | INFO | trader.binance_spot_bbo | BBO BTCUSDT bid=87478.86 ask=87478.87 mid=87478.86
2025-12-25 18:48:00,620 | INFO | trader.binance_spot_bbo | BBO BTCUSDT bid=87478.86 ask=87478.87 mid=87478.86
2025-12-25 18:48:00,620 | INFO | trader.binance_spot_bbo | BBO BTCUSDT bid=87478.86 ask=87478.87 mid=87478.86
2025-12-25 18:48:00,621 | INFO | trader.binance_spot_bbo | BBO BTCUSDT bid=87478.86 ask=87478.87 mid=87478.86
2025-12-25 18:48:00,638 | INFO | trader.binance_spot_bbo | BBO BTCUSDT bid=87478.86 ask=87478.87 mid=87478.86
2025-12-25 18:48:00,662 | INFO | trader.binance_spot_bbo | BBO BTCUSDT bid=87478.86 ask=87478.87 mid=87478.86
2025-12-25 18:48:00,669 | INFO | trader.binance_spot_bbo | BBO BTCUSDT bid=87478.86 ask=87478.87 mid=87478.86
2025-12-25 18:48:00,670 | INFO | trader.binance_spot_bbo | BBO BTCUSDT bid=87478.86 ask=87478.87 mid=87478.86
2025-12-25 18:48:00,670 | INFO | trader.binance_spot_bbo | BBO BTCUSDT bid=87478.86 ask=87478.87 mid=87478.86
2025-12-25 18:48:00,719 | INFO | trader.binance_spot_bbo | BBO BTCUSDT bid=87478.86 ask=87478.87 mid=87478.86
2025-12-25 18:48:00,719 | INFO | trader.binance_spot_bbo | BBO BTCUSDT bid=87478.86 ask=87478.87 mid=87478.86
2025-12-25 18:48:00,720 | INFO | trader.binance_spot_bbo | BBO BTCUSDT bid=87478.86 ask=87478.87 mid=87478.86
2025-12-25 18:48:00,720 | INFO | trader.binance_spot_bbo | BBO BTCUSDT bid=87478.86 ask=87478.87 mid=87478.86
2025-12-25 18:48:00,721 | INFO | trader.binance_spot_bbo | BBO BTCUSDT bid=87478.86 ask=87478.87 mid=87478.86
2025-12-25 18:48:00,721 | INFO | trader.binance_spot_bbo | BBO BTCUSDT bid=87478.86 ask=87478.87 mid=87478.86
2025-12-25 18:48:00,721 | INFO | trader.binance_spot_bbo | BBO BTCUSDT bid=87478.86 ask=87478.87 mid=87478.86
2025-12-25 18:48:00,722 | INFO | trader.binance_spot_bbo | BBO BTCUSDT bid=87478.86 ask=87478.87 mid=87478.86
2025-12-25 18:48:00,722 | INFO | trader.binance_spot_bbo | BBO BTCUSDT bid=87478.86 ask=87478.87 mid=87478.86
2025-12-25 18:48:00,749 | INFO | trader.binance_spot_bbo | BBO BTCUSDT bid=87478.86 ask=87478.87 mid=87478.86
2025-12-25 18:48:00,755 | INFO | trader.binance_spot_bbo | BBO BTCUSDT bid=87478.86 ask=87478.87 mid=87478.86
2025-12-25 18:48:00,757 | INFO | trader.binance_spot_bbo | BBO BTCUSDT bid=87478.86 ask=87478.87 mid=87478.86
2025-12-25 18:48:00,759 | INFO | trader.binance_spot_bbo | BBO BTCUSDT bid=87478.86 ask=87478.87 mid=87478.86
2025-12-25 18:48:00,760 | INFO | trader.binance_spot_bbo | BBO BTCUSDT bid=87478.86 ask=87478.87 mid=87478.86
2025-12-25 18:48:00,763 | INFO | trader.binance_spot_bbo | BBO BTCUSDT bid=87478.86 ask=87478.87 mid=87478.86
2025-12-25 18:48:00,765 | INFO | trader.binance_spot_bbo | BBO BTCUSDT bid=87478.86 ask=87478.87 mid=87478.86
2025-12-25 18:48:00,765 | INFO | trader.binance_spot_bbo | BBO BTCUSDT bid=87478.86 ask=87478.87 mid=87478.86
2025-12-25 18:48:00,766 | INFO | trader.binance_spot_bbo | BBO BTCUSDT bid=87478.86 ask=87478.87 mid=87478.86
2025-12-25 18:48:00,769 | INFO | trader.binance_spot_bbo | BBO BTCUSDT bid=87478.86 ask=87478.87 mid=87478.86
2025-12-25 18:48:00,769 | INFO | trader.binance_spot_bbo | BBO BTCUSDT bid=87478.86 ask=87478.87 mid=87478.86
2025-12-25 18:48:00,769 | INFO | trader.binance_spot_bbo | BBO BTCUSDT bid=87478.86 ask=87478.87 mid=87478.86
2025-12-25 18:48:00,769 | INFO | trader.binance_spot_bbo | BBO BTCUSDT bid=87478.86 ask=87478.87 mid=87478.86
2025-12-25 18:48:00,770 | INFO | trader.binance_spot_bbo | BBO BTCUSDT bid=87478.86 ask=87478.87 mid=87478.86
2025-12-25 18:48:00,770 | INFO | trader.binance_spot_bbo | BBO BTCUSDT bid=87478.86 ask=87478.87 mid=87478.86
2025-12-25 18:48:00,782 | INFO | trader.binance_spot_bbo | BBO BTCUSDT bid=87478.86 ask=87478.87 mid=87478.86
2025-12-25 18:48:00,782 | INFO | trader.binance_spot_bbo | BBO BTCUSDT bid=87478.86 ask=87478.87 mid=87478.86
2025-12-25 18:48:00,783 | INFO | trader.binance_spot_bbo | BBO BTCUSDT bid=87478.86 ask=87478.87 mid=87478.86
2025-12-25 18:48:00,783 | INFO | trader.binance_spot_bbo | BBO BTCUSDT bid=87478.86 ask=87478.87 mid=87478.86
2025-12-25 18:48:00,804 | INFO | trader.binance_spot_bbo | BBO BTCUSDT bid=87478.86 ask=87478.87 mid=87478.86
2025-12-25 18:48:00,804 | INFO | trader.binance_spot_bbo | BBO BTCUSDT bid=87478.86 ask=87478.87 mid=87478.86
2025-12-25 18:48:00,816 | INFO | trader.binance_spot_bbo | BBO BTCUSDT bid=87478.86 ask=87478.87 mid=87478.86
2025-12-25 18:48:00,818 | INFO | trader.binance_spot_bbo | BBO BTCUSDT bid=87478.86 ask=87478.87 mid=87478.86
2025-12-25 18:48:00,818 | INFO | trader.binance_spot_bbo | BBO BTCUSDT bid=87478.86 ask=87478.87 mid=87478.86
2025-12-25 18:48:00,819 | INFO | trader.binance_spot_bbo | BBO BTCUSDT bid=87478.86 ask=87478.87 mid=87478.86
2025-12-25 18:48:00,819 | INFO | trader.binance_spot_bbo | BBO BTCUSDT bid=87478.86 ask=87478.87 mid=87478.86
2025-12-25 18:48:00,819 | INFO | trader.binance_spot_bbo | BBO BTCUSDT bid=87478.86 ask=87478.87 mid=87478.86
2025-12-25 18:48:00,819 | INFO | trader.binance_spot_bbo | BBO BTCUSDT bid=87478.86 ask=87478.87 mid=87478.86
2025-12-25 18:48:00,820 | INFO | trader.binance_spot_bbo | BBO BTCUSDT bid=87478.86 ask=87478.87 mid=87478.86
2025-12-25 18:48:00,820 | INFO | trader.binance_spot_bbo | BBO BTCUSDT bid=87478.86 ask=87478.87 mid=87478.86
2025-12-25 18:48:00,827 | INFO | trader.binance_spot_bbo | BBO BTCUSDT bid=87478.86 ask=87478.87 mid=87478.86
2025-12-25 18:48:00,828 | INFO | trader.binance_spot_bbo | BBO BTCUSDT bid=87478.86 ask=87478.87 mid=87478.86
2025-12-25 18:48:00,830 | INFO | trader.binance_spot_bbo | BBO BTCUSDT bid=87478.86 ask=87478.87 mid=87478.86
2025-12-25 18:48:00,850 | INFO | trader.binance_spot_bbo | BBO BTCUSDT bid=87478.86 ask=87478.87 mid=87478.86
2025-12-25 18:48:00,855 | INFO | trader.binance_spot_bbo | BBO BTCUSDT bid=87478.86 ask=87478.87 mid=87478.86
2025-12-25 18:48:00,869 | INFO | trader.binance_spot_bbo | BBO BTCUSDT bid=87478.86 ask=87478.87 mid=87478.86
2025-12-25 18:48:00,869 | INFO | trader.binance_spot_bbo | BBO BTCUSDT bid=87478.86 ask=87478.87 mid=87478.86
2025-12-25 18:48:00,870 | INFO | trader.binance_spot_bbo | BBO BTCUSDT bid=87478.86 ask=87478.87 mid=87478.86
2025-12-25 18:48:00,870 | INFO | trader.binance_spot_bbo | BBO BTCUSDT bid=87478.86 ask=87478.87 mid=87478.86
2025-12-25 18:48:00,883 | INFO | trader.binance_spot_bbo | BBO BTCUSDT bid=87478.86 ask=87478.87 mid=87478.86
2025-12-25 18:48:00,884 | INFO | trader.binance_spot_bbo | BBO BTCUSDT bid=87478.86 ask=87478.87 mid=87478.86
2025-12-25 18:48:00,895 | INFO | trader.binance_spot_bbo | BBO BTCUSDT bid=87478.86 ask=87478.87 mid=87478.86
2025-12-25 18:48:00,918 | INFO | trader.binance_spot_bbo | BBO BTCUSDT bid=87478.86 ask=87478.87 mid=87478.86
2025-12-25 18:48:00,919 | INFO | trader.binance_spot_bbo | BBO BTCUSDT bid=87478.86 ask=87478.87 mid=87478.86
2025-12-25 18:48:00,919 | INFO | trader.binance_spot_bbo | BBO BTCUSDT bid=87478.86 ask=87478.87 mid=87478.86
2025-12-25 18:48:00,920 | INFO | trader.binance_spot_bbo | BBO BTCUSDT bid=87478.86 ask=87478.87 mid=87478.86
2025-12-25 18:48:00,920 | INFO | trader.binance_spot_bbo | BBO BTCUSDT bid=87472.02 ask=87472.03 mid=87472.02
2025-12-25 18:48:00,921 | INFO | trader.binance_spot_bbo | BBO BTCUSDT bid=87472.02 ask=87472.03 mid=87472.02
2025-12-25 18:48:00,921 | INFO | trader.binance_spot_bbo | BBO BTCUSDT bid=87472.02 ask=87472.03 mid=87472.02
2025-12-25 18:48:00,921 | INFO | trader.binance_spot_bbo | BBO BTCUSDT bid=87472.02 ask=87472.03 mid=87472.02
2025-12-25 18:48:00,921 | INFO | trader.binance_spot_bbo | BBO BTCUSDT bid=87472.02 ask=87472.03 mid=87472.02
2025-12-25 18:48:00,922 | INFO | trader.binance_spot_bbo | BBO BTCUSDT bid=87472.02 ask=87472.03 mid=87472.02
2025-12-25 18:48:00,922 | INFO | trader.binance_spot_bbo | BBO BTCUSDT bid=87472.02 ask=87472.03 mid=87472.02
2025-12-25 18:48:00,922 | INFO | trader.binance_spot_bbo | BBO BTCUSDT bid=87472.02 ask=87472.03 mid=87472.02
2025-12-25 18:48:00,922 | INFO | trader.binance_spot_bbo | BBO BTCUSDT bid=87472.02 ask=87472.03 mid=87472.02
2025-12-25 18:48:00,922 | INFO | trader.binance_spot_bbo | BBO BTCUSDT bid=87472.02 ask=87472.03 mid=87472.02
2025-12-25 18:48:00,923 | INFO | trader.binance_spot_bbo | BBO BTCUSDT bid=87472.02 ask=87472.03 mid=87472.02
2025-12-25 18:48:00,923 | INFO | trader.binance_spot_bbo | BBO BTCUSDT bid=87472.02 ask=87472.03 mid=87472.02
2025-12-25 18:48:00,923 | INFO | trader.binance_spot_bbo | BBO BTCUSDT bid=87472.02 ask=87472.03 mid=87472.02
2025-12-25 18:48:00,923 | INFO | trader.binance_spot_bbo | BBO BTCUSDT bid=87472.02 ask=87472.03 mid=87472.02
2025-12-25 18:48:00,924 | INFO | trader.binance_spot_bbo | BBO BTCUSDT bid=87472.02 ask=87472.03 mid=87472.02
2025-12-25 18:48:00,924 | INFO | trader.binance_spot_bbo | BBO BTCUSDT bid=87472.02 ask=87472.03 mid=87472.02
2025-12-25 18:48:00,924 | INFO | trader.binance_spot_bbo | BBO BTCUSDT bid=87472.02 ask=87472.03 mid=87472.02
2025-12-25 18:48:00,924 | INFO | trader.binance_spot_bbo | BBO BTCUSDT bid=87472.02 ask=87472.03 mid=87472.02
2025-12-25 18:48:00,924 | INFO | trader.binance_spot_bbo | BBO BTCUSDT bid=87472.02 ask=87472.03 mid=87472.02
2025-12-25 18:48:00,925 | INFO | trader.binance_spot_bbo | BBO BTCUSDT bid=87472.02 ask=87472.03 mid=87472.02
2025-12-25 18:48:00,926 | INFO | trader.binance_spot_bbo | BBO BTCUSDT bid=87472.02 ask=87472.03 mid=87472.02
2025-12-25 18:48:00,926 | INFO | trader.binance_spot_bbo | BBO BTCUSDT bid=87472.02 ask=87472.03 mid=87472.02
2025-12-25 18:48:00,926 | INFO | trader.binance_spot_bbo | BBO BTCUSDT bid=87472.02 ask=87472.03 mid=87472.02
2025-12-25 18:48:00,926 | INFO | trader.binance_spot_bbo | BBO BTCUSDT bid=87472.02 ask=87472.03 mid=87472.02
2025-12-25 18:48:00,926 | INFO | trader.binance_spot_bbo | BBO BTCUSDT bid=87472.02 ask=87472.03 mid=87472.02
2025-12-25 18:48:00,926 | INFO | trader.binance_spot_bbo | BBO BTCUSDT bid=87472.02 ask=87472.03 mid=87472.02
2025-12-25 18:48:00,926 | INFO | trader.binance_spot_bbo | BBO BTCUSDT bid=87472.02 ask=87472.03 mid=87472.02
2025-12-25 18:48:00,926 | INFO | trader.binance_spot_bbo | BBO BTCUSDT bid=87472.02 ask=87472.03 mid=87472.02
2025-12-25 18:48:00,927 | INFO | trader.binance_spot_bbo | BBO BTCUSDT bid=87472.02 ask=87472.03 mid=87472.02
2025-12-25 18:48:00,927 | INFO | trader.binance_spot_bbo | BBO BTCUSDT bid=87472.02 ask=87472.03 mid=87472.02
2025-12-25 18:48:00,927 | INFO | trader.binance_spot_bbo | BBO BTCUSDT bid=87472.02 ask=87472.03 mid=87472.02
2025-12-25 18:48:00,927 | INFO | trader.binance_spot_bbo | BBO BTCUSDT bid=87472.02 ask=87472.03 mid=87472.02
2025-12-25 18:48:00,927 | INFO | trader.binance_spot_bbo | BBO BTCUSDT bid=87472.02 ask=87472.03 mid=87472.02
2025-12-25 18:48:00,927 | INFO | trader.binance_spot_bbo | BBO BTCUSDT bid=87472.02 ask=87472.03 mid=87472.02
2025-12-25 18:48:00,927 | INFO | trader.binance_spot_bbo | BBO BTCUSDT bid=87472.02 ask=87472.03 mid=87472.02
2025-12-25 18:48:00,927 | INFO | trader.binance_spot_bbo | BBO BTCUSDT bid=87472.02 ask=87472.03 mid=87472.02
2025-12-25 18:48:00,927 | INFO | trader.binance_spot_bbo | BBO BTCUSDT bid=87472.02 ask=87472.03 mid=87472.02
2025-12-25 18:48:00,927 | INFO | trader.binance_spot_bbo | BBO BTCUSDT bid=87472.02 ask=87472.03 mid=87472.02
2025-12-25 18:48:00,928 | INFO | trader.binance_spot_bbo | BBO BTCUSDT bid=87472.02 ask=87472.03 mid=87472.02
2025-12-25 18:48:00,928 | INFO | trader.binance_spot_bbo | BBO BTCUSDT bid=87472.02 ask=87472.03 mid=87472.02
2025-12-25 18:48:00,928 | INFO | trader.binance_spot_bbo | BBO BTCUSDT bid=87472.02 ask=87472.03 mid=87472.02
2025-12-25 18:48:00,928 | INFO | trader.binance_spot_bbo | BBO BTCUSDT bid=87472.02 ask=87472.03 mid=87472.02
2025-12-25 18:48:00,928 | INFO | trader.binance_spot_bbo | BBO BTCUSDT bid=87472.02 ask=87472.03 mid=87472.02
2025-12-25 18:48:00,928 | INFO | trader.binance_spot_bbo | BBO BTCUSDT bid=87472.02 ask=87472.03 mid=87472.02
2025-12-25 18:48:00,928 | INFO | trader.binance_spot_bbo | BBO BTCUSDT bid=87472.02 ask=87472.03 mid=87472.02
2025-12-25 18:48:00,928 | INFO | trader.binance_spot_bbo | BBO BTCUSDT bid=87472.02 ask=87472.03 mid=87472.02
2025-12-25 18:48:00,928 | INFO | trader.binance_spot_bbo | BBO BTCUSDT bid=87472.02 ask=87472.03 mid=87472.02
2025-12-25 18:48:00,928 | INFO | trader.binance_spot_bbo | BBO BTCUSDT bid=87472.02 ask=87472.03 mid=87472.02
2025-12-25 18:48:00,929 | INFO | trader.binance_spot_bbo | BBO BTCUSDT bid=87472.02 ask=87472.03 mid=87472.02
2025-12-25 18:48:00,929 | INFO | trader.binance_spot_bbo | BBO BTCUSDT bid=87472.02 ask=87472.03 mid=87472.02
2025-12-25 18:48:00,929 | INFO | trader.binance_spot_bbo | BBO BTCUSDT bid=87472.02 ask=87472.03 mid=87472.02
2025-12-25 18:48:00,929 | INFO | trader.binance_spot_bbo | BBO BTCUSDT bid=87472.02 ask=87472.03 mid=87472.02
2025-12-25 18:48:00,929 | INFO | trader.binance_spot_bbo | BBO BTCUSDT bid=87472.02 ask=87472.03 mid=87472.02
2025-12-25 18:48:00,929 | INFO | trader.binance_spot_bbo | BBO BTCUSDT bid=87472.02 ask=87472.03 mid=87472.02
2025-12-25 18:48:00,929 | INFO | trader.binance_spot_bbo | BBO BTCUSDT bid=87472.02 ask=87472.03 mid=87472.02
2025-12-25 18:48:00,929 | INFO | trader.binance_spot_bbo | BBO BTCUSDT bid=87472.02 ask=87472.03 mid=87472.02
2025-12-25 18:48:00,929 | INFO | trader.binance_spot_bbo | BBO BTCUSDT bid=87472.02 ask=87472.03 mid=87472.02
2025-12-25 18:48:00,929 | INFO | trader.binance_spot_bbo | BBO BTCUSDT bid=87472.02 ask=87472.03 mid=87472.02
2025-12-25 18:48:00,929 | INFO | trader.binance_spot_bbo | BBO BTCUSDT bid=87472.02 ask=87472.03 mid=87472.02
2025-12-25 18:48:00,930 | INFO | trader.binance_spot_bbo | BBO BTCUSDT bid=87472.02 ask=87472.03 mid=87472.02
2025-12-25 18:48:00,930 | INFO | trader.binance_spot_bbo | BBO BTCUSDT bid=87472.02 ask=87472.03 mid=87472.02
2025-12-25 18:48:00,930 | INFO | trader.binance_spot_bbo | BBO BTCUSDT bid=87472.02 ask=87472.03 mid=87472.02
2025-12-25 18:48:00,930 | INFO | trader.binance_spot_bbo | BBO BTCUSDT bid=87472.02 ask=87472.03 mid=87472.02
2025-12-25 18:48:00,930 | INFO | trader.binance_spot_bbo | BBO BTCUSDT bid=87472.02 ask=87472.03 mid=87472.02
2025-12-25 18:48:00,930 | INFO | trader.binance_spot_bbo | BBO BTCUSDT bid=87472.02 ask=87472.03 mid=87472.02
2025-12-25 18:48:00,930 | INFO | trader.binance_spot_bbo | BBO BTCUSDT bid=87472.02 ask=87472.03 mid=87472.02
2025-12-25 18:48:00,930 | INFO | trader.binance_spot_bbo | BBO BTCUSDT bid=87472.02 ask=87472.03 mid=87472.02
2025-12-25 18:48:00,930 | INFO | trader.binance_spot_bbo | BBO BTCUSDT bid=87472.02 ask=87472.03 mid=87472.02
2025-12-25 18:48:00,930 | INFO | trader.binance_spot_bbo | BBO BTCUSDT bid=87472.02 ask=87472.03 mid=87472.02
2025-12-25 18:48:00,931 | INFO | trader.binance_spot_bbo | BBO BTCUSDT bid=87472.02 ask=87472.03 mid=87472.02
2025-12-25 18:48:00,931 | INFO | trader.binance_spot_bbo | BBO BTCUSDT bid=87472.02 ask=87472.03 mid=87472.02
2025-12-25 18:48:00,931 | INFO | trader.binance_spot_bbo | BBO BTCUSDT bid=87472.02 ask=87472.03 mid=87472.02
2025-12-25 18:48:00,931 | INFO | trader.binance_spot_bbo | BBO BTCUSDT bid=87472.02 ask=87472.03 mid=87472.02
2025-12-25 18:48:00,931 | INFO | trader.binance_spot_bbo | BBO BTCUSDT bid=87472.02 ask=87472.03 mid=87472.02
2025-12-25 18:48:00,931 | INFO | trader.binance_spot_bbo | BBO BTCUSDT bid=87472.02 ask=87472.03 mid=87472.02
2025-12-25 18:48:00,931 | INFO | trader.binance_spot_bbo | BBO BTCUSDT bid=87472.02 ask=87472.03 mid=87472.02
2025-12-25 18:48:00,931 | INFO | trader.binance_spot_bbo | BBO BTCUSDT bid=87472.02 ask=87472.03 mid=87472.02
2025-12-25 18:48:00,931 | INFO | trader.binance_spot_bbo | BBO BTCUSDT bid=87472.02 ask=87472.03 mid=87472.02
2025-12-25 18:48:00,931 | INFO | trader.binance_spot_bbo | BBO BTCUSDT bid=87472.02 ask=87472.03 mid=87472.02
2025-12-25 18:48:00,931 | INFO | trader.binance_spot_bbo | BBO BTCUSDT bid=87472.02 ask=87472.03 mid=87472.02
2025-12-25 18:48:00,931 | INFO | trader.binance_spot_bbo | BBO BTCUSDT bid=87472.02 ask=87472.03 mid=87472.02
2025-12-25 18:48:00,931 | INFO | trader.binance_spot_bbo | BBO BTCUSDT bid=87472.02 ask=87472.03 mid=87472.02
2025-12-25 18:48:00,931 | INFO | trader.binance_spot_bbo | BBO BTCUSDT bid=87472.02 ask=87472.03 mid=87472.02
2025-12-25 18:48:00,932 | INFO | trader.binance_spot_bbo | BBO BTCUSDT bid=87472.02 ask=87472.03 mid=87472.02
2025-12-25 18:48:00,932 | INFO | trader.binance_spot_bbo | BBO BTCUSDT bid=87472.02 ask=87472.03 mid=87472.02
2025-12-25 18:48:00,932 | INFO | trader.binance_spot_bbo | BBO BTCUSDT bid=87472.02 ask=87472.03 mid=87472.02
2025-12-25 18:48:00,932 | INFO | trader.binance_spot_bbo | BBO BTCUSDT bid=87472.02 ask=87472.03 mid=87472.02
2025-12-25 18:48:00,932 | INFO | trader.binance_spot_bbo | BBO BTCUSDT bid=87472.02 ask=87472.03 mid=87472.02
2025-12-25 18:48:00,932 | INFO | trader.binance_spot_bbo | BBO BTCUSDT bid=87472.02 ask=87472.03 mid=87472.02
2025-12-25 18:48:00,932 | INFO | trader.binance_spot_bbo | BBO BTCUSDT bid=87472.02 ask=87472.03 mid=87472.02
2025-12-25 18:48:00,932 | INFO | trader.binance_spot_bbo | BBO BTCUSDT bid=87472.02 ask=87472.03 mid=87472.02
2025-12-25 18:48:00,932 | INFO | trader.binance_spot_bbo | BBO BTCUSDT bid=87472.02 ask=87472.03 mid=87472.02
2025-12-25 18:48:00,932 | INFO | trader.binance_spot_bbo | BBO BTCUSDT bid=87472.02 ask=87472.03 mid=87472.02
2025-12-25 18:48:00,932 | INFO | trader.binance_spot_bbo | BBO BTCUSDT bid=87472.02 ask=87472.03 mid=87472.02
2025-12-25 18:48:00,932 | INFO | trader.binance_spot_bbo | BBO BTCUSDT bid=87472.02 ask=87472.03 mid=87472.02
2025-12-25 18:48:00,932 | INFO | trader.binance_spot_bbo | BBO BTCUSDT bid=87472.02 ask=87472.03 mid=87472.02
2025-12-25 18:48:00,932 | INFO | trader.binance_spot_bbo | BBO BTCUSDT bid=87472.02 ask=87472.03 mid=87472.02
2025-12-25 18:48:00,933 | INFO | trader.binance_spot_bbo | BBO BTCUSDT bid=87472.02 ask=87472.03 mid=87472.02
2025-12-25 18:48:00,933 | INFO | trader.binance_spot_bbo | BBO BTCUSDT bid=87472.02 ask=87472.03 mid=87472.02
2025-12-25 18:48:00,933 | INFO | trader.binance_spot_bbo | BBO BTCUSDT bid=87472.02 ask=87472.03 mid=87472.02
2025-12-25 18:48:00,933 | INFO | trader.binance_spot_bbo | BBO BTCUSDT bid=87472.02 ask=87472.03 mid=87472.02
2025-12-25 18:48:00,933 | INFO | trader.binance_spot_bbo | BBO BTCUSDT bid=87472.02 ask=87472.03 mid=87472.02
2025-12-25 18:48:00,933 | INFO | trader.binance_spot_bbo | BBO BTCUSDT bid=87472.02 ask=87472.03 mid=87472.02
2025-12-25 18:48:00,933 | INFO | trader.binance_spot_bbo | BBO BTCUSDT bid=87472.02 ask=87472.03 mid=87472.02
2025-12-25 18:48:00,933 | INFO | trader.binance_spot_bbo | BBO BTCUSDT bid=87472.02 ask=87472.03 mid=87472.02
2025-12-25 18:48:00,933 | INFO | trader.binance_spot_bbo | BBO BTCUSDT bid=87472.02 ask=87472.03 mid=87472.02
2025-12-25 18:48:00,933 | INFO | trader.binance_spot_bbo | BBO BTCUSDT bid=87472.02 ask=87472.03 mid=87472.02
2025-12-25 18:48:00,933 | INFO | trader.binance_spot_bbo | BBO BTCUSDT bid=87472.02 ask=87472.03 mid=87472.02
2025-12-25 18:48:00,933 | INFO | trader.binance_spot_bbo | BBO BTCUSDT bid=87472.02 ask=87472.03 mid=87472.02
2025-12-25 18:48:00,934 | INFO | trader.binance_spot_bbo | BBO BTCUSDT bid=87472.02 ask=87472.03 mid=87472.02
2025-12-25 18:48:00,934 | INFO | trader.binance_spot_bbo | BBO BTCUSDT bid=87472.02 ask=87472.03 mid=87472.02
2025-12-25 18:48:00,934 | INFO | trader.binance_spot_bbo | BBO BTCUSDT bid=87472.02 ask=87472.03 mid=87472.02
2025-12-25 18:48:00,934 | INFO | trader.binance_spot_bbo | BBO BTCUSDT bid=87472.02 ask=87472.03 mid=87472.02
2025-12-25 18:48:00,934 | INFO | trader.binance_spot_bbo | BBO BTCUSDT bid=87472.02 ask=87472.03 mid=87472.02
2025-12-25 18:48:00,934 | INFO | trader.binance_spot_bbo | BBO BTCUSDT bid=87472.02 ask=87472.03 mid=87472.02
2025-12-25 18:48:00,934 | INFO | trader.binance_spot_bbo | BBO BTCUSDT bid=87472.02 ask=87472.03 mid=87472.02
2025-12-25 18:48:00,935 | INFO | trader.binance_spot_bbo | BBO BTCUSDT bid=87472.02 ask=87472.03 mid=87472.02
2025-12-25 18:48:00,935 | INFO | trader.binance_spot_bbo | BBO BTCUSDT bid=87472.02 ask=87472.03 mid=87472.02
2025-12-25 18:48:00,935 | INFO | trader.binance_spot_bbo | BBO BTCUSDT bid=87472.02 ask=87472.03 mid=87472.02
2025-12-25 18:48:00,935 | INFO | trader.binance_spot_bbo | BBO BTCUSDT bid=87472.02 ask=87472.03 mid=87472.02
2025-12-25 18:48:00,935 | INFO | trader.binance_spot_bbo | BBO BTCUSDT bid=87472.02 ask=87472.03 mid=87472.02
2025-12-25 18:48:00,935 | INFO | trader.binance_spot_bbo | BBO BTCUSDT bid=87472.02 ask=87472.03 mid=87472.02
2025-12-25 18:48:00,935 | INFO | trader.binance_spot_bbo | BBO BTCUSDT bid=87472.02 ask=87472.03 mid=87472.02
2025-12-25 18:48:00,935 | INFO | trader.binance_spot_bbo | BBO BTCUSDT bid=87472.02 ask=87472.03 mid=87472.02
2025-12-25 18:48:00,935 | INFO | trader.binance_spot_bbo | BBO BTCUSDT bid=87472.02 ask=87472.03 mid=87472.02
2025-12-25 18:48:00,936 | INFO | trader.binance_spot_bbo | BBO BTCUSDT bid=87472.02 ask=87472.03 mid=87472.02
2025-12-25 18:48:00,936 | INFO | trader.binance_spot_bbo | BBO BTCUSDT bid=87472.02 ask=87472.03 mid=87472.02
2025-12-25 18:48:00,936 | INFO | trader.binance_spot_bbo | BBO BTCUSDT bid=87472.02 ask=87472.03 mid=87472.02
2025-12-25 18:48:00,936 | INFO | trader.binance_spot_bbo | BBO BTCUSDT bid=87472.02 ask=87472.03 mid=87472.02
2025-12-25 18:48:00,936 | INFO | trader.binance_spot_bbo | BBO BTCUSDT bid=87472.02 ask=87472.03 mid=87472.02
2025-12-25 18:48:00,936 | INFO | trader.binance_spot_bbo | BBO BTCUSDT bid=87472.02 ask=87472.03 mid=87472.02
2025-12-25 18:48:00,936 | INFO | trader.binance_spot_bbo | BBO BTCUSDT bid=87472.02 ask=87472.03 mid=87472.02
2025-12-25 18:48:00,936 | INFO | trader.binance_spot_bbo | BBO BTCUSDT bid=87472.02 ask=87472.03 mid=87472.02
2025-12-25 18:48:00,945 | INFO | trader.binance_spot_bbo | BBO BTCUSDT bid=87472.02 ask=87472.03 mid=87472.02
2025-12-25 18:48:00,948 | INFO | trader.binance_spot_bbo | BBO BTCUSDT bid=87472.02 ask=87472.03 mid=87472.02
2025-12-25 18:48:00,949 | INFO | trader.binance_spot_bbo | BBO BTCUSDT bid=87472.02 ask=87472.03 mid=87472.02
2025-12-25 18:48:00,949 | INFO | trader.binance_spot_bbo | BBO BTCUSDT bid=87472.02 ask=87472.03 mid=87472.02
2025-12-25 18:48:00,953 | INFO | trader.binance_spot_bbo | BBO BTCUSDT bid=87472.02 ask=87472.03 mid=87472.02
2025-12-25 18:48:00,954 | INFO | trader.binance_spot_bbo | BBO BTCUSDT bid=87472.02 ask=87472.03 mid=87472.02
2025-12-25 18:48:00,955 | INFO | trader.binance_spot_bbo | BBO BTCUSDT bid=87472.02 ask=87472.03 mid=87472.02
2025-12-25 18:48:00,955 | INFO | trader.binance_spot_bbo | BBO BTCUSDT bid=87472.02 ask=87472.03 mid=87472.02
2025-12-25 18:48:00,955 | INFO | trader.binance_spot_bbo | BBO BTCUSDT bid=87472.02 ask=87472.03 mid=87472.02
2025-12-25 18:48:00,957 | INFO | trader.binance_spot_bbo | BBO BTCUSDT bid=87472.02 ask=87472.03 mid=87472.02
2025-12-25 18:48:00,959 | INFO | trader.binance_spot_bbo | BBO BTCUSDT bid=87472.02 ask=87472.03 mid=87472.02
2025-12-25 18:48:00,959 | INFO | trader.binance_spot_bbo | BBO BTCUSDT bid=87472.02 ask=87472.03 mid=87472.02
2025-12-25 18:48:00,959 | INFO | trader.binance_spot_bbo | BBO BTCUSDT bid=87472.02 ask=87472.03 mid=87472.02
2025-12-25 18:48:00,959 | INFO | trader.binance_spot_bbo | BBO BTCUSDT bid=87472.02 ask=87472.03 mid=87472.02
2025-12-25 18:48:00,961 | INFO | trader.binance_spot_bbo | BBO BTCUSDT bid=87472.02 ask=87472.03 mid=87472.02
2025-12-25 18:48:00,963 | INFO | trader.binance_spot_bbo | BBO BTCUSDT bid=87472.02 ask=87472.03 mid=87472.02
2025-12-25 18:48:00,965 | INFO | trader.binance_spot_bbo | BBO BTCUSDT bid=87472.02 ask=87472.03 mid=87472.02
2025-12-25 18:48:00,967 | INFO | trader.binance_spot_bbo | BBO BTCUSDT bid=87472.02 ask=87472.03 mid=87472.02
2025-12-25 18:48:00,969 | INFO | trader.binance_spot_bbo | BBO BTCUSDT bid=87472.02 ask=87472.03 mid=87472.02
2025-12-25 18:48:00,969 | INFO | trader.binance_spot_bbo | BBO BTCUSDT bid=87472.02 ask=87472.03 mid=87472.02
2025-12-25 18:48:00,969 | INFO | trader.binance_spot_bbo | BBO BTCUSDT bid=87472.02 ask=87472.03 mid=87472.02
2025-12-25 18:48:00,969 | INFO | trader.binance_spot_bbo | BBO BTCUSDT bid=87472.02 ask=87472.03 mid=87472.02
2025-12-25 18:48:00,969 | INFO | trader.binance_spot_bbo | BBO BTCUSDT bid=87472.02 ask=87472.03 mid=87472.02
2025-12-25 18:48:00,969 | INFO | trader.binance_spot_bbo | BBO BTCUSDT bid=87472.02 ask=87472.03 mid=87472.02
2025-12-25 18:48:00,970 | INFO | trader.binance_spot_bbo | BBO BTCUSDT bid=87472.02 ask=87472.03 mid=87472.02
2025-12-25 18:48:00,970 | INFO | trader.binance_spot_bbo | BBO BTCUSDT bid=87472.02 ask=87472.03 mid=87472.02
2025-12-25 18:48:00,970 | INFO | trader.binance_spot_bbo | BBO BTCUSDT bid=87472.02 ask=87472.03 mid=87472.02
2025-12-25 18:48:00,970 | INFO | trader.binance_spot_bbo | BBO BTCUSDT bid=87472.02 ask=87472.03 mid=87472.02
2025-12-25 18:48:00,970 | INFO | trader.binance_spot_bbo | BBO BTCUSDT bid=87472.02 ask=87472.03 mid=87472.02
2025-12-25 18:48:00,970 | INFO | trader.binance_spot_bbo | BBO BTCUSDT bid=87472.02 ask=87472.03 mid=87472.02
2025-12-25 18:48:00,970 | INFO | trader.binance_spot_bbo | BBO BTCUSDT bid=87472.02 ask=87472.03 mid=87472.02
2025-12-25 18:48:00,971 | INFO | trader.binance_spot_bbo | BBO BTCUSDT bid=87472.02 ask=87472.03 mid=87472.02
2025-12-25 18:48:00,973 | INFO | trader.binance_spot_bbo | BBO BTCUSDT bid=87472.02 ask=87472.03 mid=87472.02
2025-12-25 18:48:00,974 | INFO | trader.binance_spot_bbo | BBO BTCUSDT bid=87472.02 ask=87472.03 mid=87472.02
2025-12-25 18:48:00,983 | INFO | trader.binance_spot_bbo | BBO BTCUSDT bid=87472.02 ask=87472.03 mid=87472.02
2025-12-25 18:48:00,985 | INFO | trader.binance_spot_bbo | BBO BTCUSDT bid=87472.02 ask=87472.03 mid=87472.02
2025-12-25 18:48:10,118 | INFO | trader.binance_spot_bbo | BBO BTCUSDT bid=87463.76 ask=87463.77 mid=87463.76
2025-12-25 18:48:10,161 | INFO | trader.binance_spot_bbo | BBO BTCUSDT bid=87463.76 ask=87463.77 mid=87463.76
2025-12-25 18:48:10,268 | INFO | trader.binance_spot_bbo | BBO BTCUSDT bid=87463.76 ask=87463.77 mid=87463.76
2025-12-25 18:48:10,363 | INFO | trader.binance_spot_bbo | BBO BTCUSDT bid=87463.76 ask=87463.77 mid=87463.76
2025-12-25 18:48:10,435 | INFO | trader.binance_spot_bbo | BBO BTCUSDT bid=87463.76 ask=87463.77 mid=87463.76
2025-12-25 18:48:10,554 | INFO | trader.binance_spot_bbo | BBO BTCUSDT bid=87463.76 ask=87463.77 mid=87463.76
2025-12-25 18:48:10,776 | INFO | trader.binance_spot_bbo | BBO BTCUSDT bid=87463.76 ask=87463.77 mid=87463.76
2025-12-25 18:48:10,822 | INFO | trader.binance_spot_bbo | BBO BTCUSDT bid=87463.76 ask=87463.77 mid=87463.76
2025-12-25 18:48:10,880 | INFO | trader.binance_spot_bbo | BBO BTCUSDT bid=87463.76 ask=87463.77 mid=87463.76
2025-12-25 18:48:10,935 | INFO | trader.binance_spot_bbo | BBO BTCUSDT bid=87463.76 ask=87463.77 mid=87463.76
2025-12-25 18:48:20,020 | INFO | trader.binance_spot_bbo | BBO BTCUSDT bid=87452.19 ask=87452.20 mid=87452.20
2025-12-25 18:48:20,021 | INFO | trader.binance_spot_bbo | BBO BTCUSDT bid=87452.19 ask=87452.20 mid=87452.20
2025-12-25 18:48:20,021 | INFO | trader.binance_spot_bbo | BBO BTCUSDT bid=87452.19 ask=87452.20 mid=87452.20
2025-12-25 18:48:20,022 | INFO | trader.binance_spot_bbo | BBO BTCUSDT bid=87452.19 ask=87452.20 mid=87452.20
2025-12-25 18:48:20,023 | INFO | trader.binance_spot_bbo | BBO BTCUSDT bid=87452.19 ask=87452.20 mid=87452.20
2025-12-25 18:48:20,075 | INFO | trader.binance_spot_bbo | BBO BTCUSDT bid=87452.19 ask=87452.20 mid=87452.20
2025-12-25 18:48:20,089 | INFO | trader.binance_spot_bbo | BBO BTCUSDT bid=87452.19 ask=87452.20 mid=87452.20
2025-12-25 18:48:20,157 | INFO | trader.binance_spot_bbo | BBO BTCUSDT bid=87452.19 ask=87452.20 mid=87452.20
2025-12-25 18:48:20,161 | INFO | trader.binance_spot_bbo | BBO BTCUSDT bid=87452.19 ask=87452.20 mid=87452.20
2025-12-25 18:48:20,376 | INFO | trader.binance_spot_bbo | BBO BTCUSDT bid=87452.19 ask=87452.20 mid=87452.20
2025-12-25 18:48:20,378 | INFO | trader.binance_spot_bbo | BBO BTCUSDT bid=87452.19 ask=87452.20 mid=87452.20
2025-12-25 18:48:20,433 | INFO | trader.binance_spot_bbo | BBO BTCUSDT bid=87452.19 ask=87452.20 mid=87452.20
2025-12-25 18:48:20,483 | INFO | trader.binance_spot_bbo | BBO BTCUSDT bid=87452.19 ask=87452.20 mid=87452.20
2025-12-25 18:48:20,542 | INFO | trader.binance_spot_bbo | BBO BTCUSDT bid=87452.19 ask=87452.20 mid=87452.20
2025-12-25 18:48:20,563 | INFO | trader.binance_spot_bbo | BBO BTCUSDT bid=87452.19 ask=87452.20 mid=87452.20
2025-12-25 18:48:20,620 | INFO | trader.binance_spot_bbo | BBO BTCUSDT bid=87452.19 ask=87452.20 mid=87452.20
2025-12-25 18:48:20,623 | INFO | trader.binance_spot_bbo | BBO BTCUSDT bid=87452.19 ask=87452.20 mid=87452.20
2025-12-25 18:48:20,624 | INFO | trader.binance_spot_bbo | BBO BTCUSDT bid=87452.19 ask=87452.20 mid=87452.20
2025-12-25 18:48:20,631 | INFO | trader.binance_spot_bbo | BBO BTCUSDT bid=87452.19 ask=87452.20 mid=87452.20
2025-12-25 18:48:20,632 | INFO | trader.binance_spot_bbo | BBO BTCUSDT bid=87452.19 ask=87452.20 mid=87452.20
2025-12-25 18:48:20,635 | INFO | trader.binance_spot_bbo | BBO BTCUSDT bid=87452.19 ask=87452.20 mid=87452.20
2025-12-25 18:48:20,641 | INFO | trader.binance_spot_bbo | BBO BTCUSDT bid=87452.19 ask=87452.20 mid=87452.20
2025-12-25 18:48:20,651 | INFO | trader.binance_spot_bbo | BBO BTCUSDT bid=87452.19 ask=87452.20 mid=87452.20
2025-12-25 18:48:20,662 | INFO | trader.binance_spot_bbo | BBO BTCUSDT bid=87452.19 ask=87452.20 mid=87452.20
2025-12-25 18:48:20,708 | INFO | trader.binance_spot_bbo | BBO BTCUSDT bid=87452.19 ask=87452.20 mid=87452.20
2025-12-25 18:48:20,776 | INFO | trader.binance_spot_bbo | BBO BTCUSDT bid=87452.19 ask=87452.20 mid=87452.20
2025-12-25 18:48:20,780 | INFO | trader.binance_spot_bbo | BBO BTCUSDT bid=87452.19 ask=87452.20 mid=87452.20
2025-12-25 18:48:20,781 | INFO | trader.binance_spot_bbo | BBO BTCUSDT bid=87452.19 ask=87452.20 mid=87452.20
2025-12-25 18:48:20,878 | INFO | trader.binance_spot_bbo | BBO BTCUSDT bid=87452.19 ask=87452.20 mid=87452.20
2025-12-25 18:48:20,879 | INFO | trader.binance_spot_bbo | BBO BTCUSDT bid=87452.19 ask=87452.20 mid=87452.20
2025-12-25 18:48:20,879 | INFO | trader.binance_spot_bbo | BBO BTCUSDT bid=87452.19 ask=87452.20 mid=87452.20
2025-12-25 18:48:20,880 | INFO | trader.binance_spot_bbo | BBO BTCUSDT bid=87452.19 ask=87452.20 mid=87452.20
2025-12-25 18:48:20,880 | INFO | trader.binance_spot_bbo | BBO BTCUSDT bid=87452.19 ask=87452.20 mid=87452.20
2025-12-25 18:48:20,880 | INFO | trader.binance_spot_bbo | BBO BTCUSDT bid=87452.19 ask=87452.20 mid=87452.20
2025-12-25 18:48:20,881 | INFO | trader.binance_spot_bbo | BBO BTCUSDT bid=87452.19 ask=87452.20 mid=87452.20
2025-12-25 18:48:20,881 | INFO | trader.binance_spot_bbo | BBO BTCUSDT bid=87452.19 ask=87452.20 mid=87452.20
2025-12-25 18:48:20,881 | INFO | trader.binance_spot_bbo | BBO BTCUSDT bid=87452.19 ask=87452.20 mid=87452.20
2025-12-25 18:48:20,882 | INFO | trader.binance_spot_bbo | BBO BTCUSDT bid=87452.19 ask=87452.20 mid=87452.20
2025-12-25 18:48:20,882 | INFO | trader.binance_spot_bbo | BBO BTCUSDT bid=87452.19 ask=87452.20 mid=87452.20
2025-12-25 18:48:20,882 | INFO | trader.binance_spot_bbo | BBO BTCUSDT bid=87452.19 ask=87452.20 mid=87452.20
2025-12-25 18:48:20,882 | INFO | trader.binance_spot_bbo | BBO BTCUSDT bid=87452.19 ask=87452.20 mid=87452.20
2025-12-25 18:48:20,882 | INFO | trader.binance_spot_bbo | BBO BTCUSDT bid=87452.19 ask=87452.20 mid=87452.20
2025-12-25 18:48:20,883 | INFO | trader.binance_spot_bbo | BBO BTCUSDT bid=87452.19 ask=87452.20 mid=87452.20
2025-12-25 18:48:20,883 | INFO | trader.binance_spot_bbo | BBO BTCUSDT bid=87452.19 ask=87452.20 mid=87452.20
2025-12-25 18:48:20,883 | INFO | trader.binance_spot_bbo | BBO BTCUSDT bid=87452.19 ask=87452.20 mid=87452.20
2025-12-25 18:48:20,883 | INFO | trader.binance_spot_bbo | BBO BTCUSDT bid=87452.19 ask=87452.20 mid=87452.20
2025-12-25 18:48:20,884 | INFO | trader.binance_spot_bbo | BBO BTCUSDT bid=87452.19 ask=87452.20 mid=87452.20
2025-12-25 18:48:20,884 | INFO | trader.binance_spot_bbo | BBO BTCUSDT bid=87452.19 ask=87452.20 mid=87452.20
2025-12-25 18:48:20,885 | INFO | trader.binance_spot_bbo | BBO BTCUSDT bid=87452.19 ask=87452.20 mid=87452.20
2025-12-25 18:48:20,885 | INFO | trader.binance_spot_bbo | BBO BTCUSDT bid=87452.19 ask=87452.20 mid=87452.20
2025-12-25 18:48:20,886 | INFO | trader.binance_spot_bbo | BBO BTCUSDT bid=87452.19 ask=87452.20 mid=87452.20
2025-12-25 18:48:20,886 | INFO | trader.binance_spot_bbo | BBO BTCUSDT bid=87452.19 ask=87452.20 mid=87452.20
2025-12-25 18:48:20,887 | INFO | trader.binance_spot_bbo | BBO BTCUSDT bid=87452.19 ask=87452.20 mid=87452.20
2025-12-25 18:48:20,887 | INFO | trader.binance_spot_bbo | BBO BTCUSDT bid=87452.19 ask=87452.20 mid=87452.20
2025-12-25 18:48:20,888 | INFO | trader.binance_spot_bbo | BBO BTCUSDT bid=87452.19 ask=87452.20 mid=87452.20
2025-12-25 18:48:20,906 | INFO | trader.binance_spot_bbo | BBO BTCUSDT bid=87452.19 ask=87452.20 mid=87452.20
2025-12-25 18:48:20,919 | INFO | trader.binance_spot_bbo | BBO BTCUSDT bid=87452.19 ask=87452.20 mid=87452.20
2025-12-25 18:48:20,920 | INFO | trader.binance_spot_bbo | BBO BTCUSDT bid=87452.19 ask=87452.20 mid=87452.20
2025-12-25 18:48:20,920 | INFO | trader.binance_spot_bbo | BBO BTCUSDT bid=87452.19 ask=87452.20 mid=87452.20
2025-12-25 18:48:20,920 | INFO | trader.binance_spot_bbo | BBO BTCUSDT bid=87452.19 ask=87452.20 mid=87452.20
2025-12-25 18:48:20,920 | INFO | trader.binance_spot_bbo | BBO BTCUSDT bid=87452.19 ask=87452.20 mid=87452.20
2025-12-25 18:48:20,920 | INFO | trader.binance_spot_bbo | BBO BTCUSDT bid=87452.19 ask=87452.20 mid=87452.20
2025-12-25 18:48:20,921 | INFO | trader.binance_spot_bbo | BBO BTCUSDT bid=87452.19 ask=87452.20 mid=87452.20
2025-12-25 18:48:20,921 | INFO | trader.binance_spot_bbo | BBO BTCUSDT bid=87452.19 ask=87452.20 mid=87452.20
2025-12-25 18:48:20,922 | INFO | trader.binance_spot_bbo | BBO BTCUSDT bid=87452.19 ask=87452.20 mid=87452.20
2025-12-25 18:48:20,922 | INFO | trader.binance_spot_bbo | BBO BTCUSDT bid=87452.19 ask=87452.20 mid=87452.20
2025-12-25 18:48:20,927 | INFO | trader.binance_spot_bbo | BBO BTCUSDT bid=87452.19 ask=87452.20 mid=87452.20
2025-12-25 18:48:20,929 | INFO | trader.binance_spot_bbo | BBO BTCUSDT bid=87452.19 ask=87452.20 mid=87452.20
2025-12-25 18:48:20,929 | INFO | trader.binance_spot_bbo | BBO BTCUSDT bid=87452.19 ask=87452.20 mid=87452.20
2025-12-25 18:48:20,931 | INFO | trader.binance_spot_bbo | BBO BTCUSDT bid=87452.19 ask=87452.20 mid=87452.20
2025-12-25 18:48:20,964 | INFO | trader.binance_spot_bbo | BBO BTCUSDT bid=87452.19 ask=87452.20 mid=87452.20
2025-12-25 18:48:30,184 | INFO | trader.binance_spot_bbo | BBO BTCUSDT bid=87454.21 ask=87454.22 mid=87454.21
2025-12-25 18:48:30,203 | INFO | trader.binance_spot_bbo | BBO BTCUSDT bid=87454.21 ask=87454.22 mid=87454.21
2025-12-25 18:48:30,203 | INFO | trader.binance_spot_bbo | BBO BTCUSDT bid=87454.21 ask=87454.22 mid=87454.21
2025-12-25 18:48:30,204 | INFO | trader.binance_spot_bbo | BBO BTCUSDT bid=87454.21 ask=87454.22 mid=87454.21
2025-12-25 18:48:30,204 | INFO | trader.binance_spot_bbo | BBO BTCUSDT bid=87454.21 ask=87454.22 mid=87454.21
2025-12-25 18:48:30,204 | INFO | trader.binance_spot_bbo | BBO BTCUSDT bid=87454.21 ask=87454.22 mid=87454.21
2025-12-25 18:48:30,205 | INFO | trader.binance_spot_bbo | BBO BTCUSDT bid=87454.21 ask=87454.22 mid=87454.21
2025-12-25 18:48:30,205 | INFO | trader.binance_spot_bbo | BBO BTCUSDT bid=87454.21 ask=87454.22 mid=87454.21
2025-12-25 18:48:30,205 | INFO | trader.binance_spot_bbo | BBO BTCUSDT bid=87454.21 ask=87454.22 mid=87454.21
2025-12-25 18:48:30,206 | INFO | trader.binance_spot_bbo | BBO BTCUSDT bid=87454.21 ask=87454.22 mid=87454.21
2025-12-25 18:48:30,206 | INFO | trader.binance_spot_bbo | BBO BTCUSDT bid=87454.21 ask=87454.22 mid=87454.21
2025-12-25 18:48:30,469 | INFO | trader.binance_spot_bbo | BBO BTCUSDT bid=87454.21 ask=87454.22 mid=87454.21
2025-12-25 18:48:30,506 | INFO | trader.binance_spot_bbo | BBO BTCUSDT bid=87454.21 ask=87454.22 mid=87454.21
2025-12-25 18:48:30,521 | INFO | trader.binance_spot_bbo | BBO BTCUSDT bid=87454.21 ask=87454.22 mid=87454.21
2025-12-25 18:48:30,772 | INFO | trader.binance_spot_bbo | BBO BTCUSDT bid=87454.21 ask=87454.22 mid=87454.21
2025-12-25 18:48:30,820 | INFO | trader.binance_spot_bbo | BBO BTCUSDT bid=87454.21 ask=87454.22 mid=87454.21
2025-12-25 18:48:40,021 | INFO | trader.binance_spot_bbo | BBO BTCUSDT bid=87463.76 ask=87463.77 mid=87463.76
2025-12-25 18:48:40,205 | INFO | trader.binance_spot_bbo | BBO BTCUSDT bid=87463.76 ask=87463.77 mid=87463.76
2025-12-25 18:48:40,303 | INFO | trader.binance_spot_bbo | BBO BTCUSDT bid=87463.76 ask=87463.77 mid=87463.76
2025-12-25 18:48:40,347 | INFO | trader.binance_spot_bbo | BBO BTCUSDT bid=87463.76 ask=87463.77 mid=87463.76
2025-12-25 18:48:40,388 | INFO | trader.binance_spot_bbo | BBO BTCUSDT bid=87463.76 ask=87463.77 mid=87463.76
2025-12-25 18:48:40,388 | INFO | trader.binance_spot_bbo | BBO BTCUSDT bid=87463.76 ask=87463.77 mid=87463.76
2025-12-25 18:48:40,388 | INFO | trader.binance_spot_bbo | BBO BTCUSDT bid=87463.76 ask=87463.77 mid=87463.76
2025-12-25 18:48:40,389 | INFO | trader.binance_spot_bbo | BBO BTCUSDT bid=87463.76 ask=87463.77 mid=87463.76
2025-12-25 18:48:40,389 | INFO | trader.binance_spot_bbo | BBO BTCUSDT bid=87463.76 ask=87463.77 mid=87463.76
2025-12-25 18:48:40,389 | INFO | trader.binance_spot_bbo | BBO BTCUSDT bid=87463.76 ask=87463.77 mid=87463.76
2025-12-25 18:48:40,389 | INFO | trader.binance_spot_bbo | BBO BTCUSDT bid=87463.76 ask=87463.77 mid=87463.76
2025-12-25 18:48:40,398 | INFO | trader.binance_spot_bbo | BBO BTCUSDT bid=87463.76 ask=87463.77 mid=87463.76
2025-12-25 18:48:40,403 | INFO | trader.binance_spot_bbo | BBO BTCUSDT bid=87463.76 ask=87463.77 mid=87463.76
2025-12-25 18:48:40,404 | INFO | trader.binance_spot_bbo | BBO BTCUSDT bid=87463.76 ask=87463.77 mid=87463.76
2025-12-25 18:48:40,404 | INFO | trader.binance_spot_bbo | BBO BTCUSDT bid=87463.76 ask=87463.77 mid=87463.76
2025-12-25 18:48:40,405 | INFO | trader.binance_spot_bbo | BBO BTCUSDT bid=87463.76 ask=87463.77 mid=87463.76
2025-12-25 18:48:40,405 | INFO | trader.binance_spot_bbo | BBO BTCUSDT bid=87463.76 ask=87463.77 mid=87463.76
2025-12-25 18:48:40,405 | INFO | trader.binance_spot_bbo | BBO BTCUSDT bid=87463.76 ask=87463.77 mid=87463.76
2025-12-25 18:48:40,406 | INFO | trader.binance_spot_bbo | BBO BTCUSDT bid=87463.76 ask=87463.77 mid=87463.76
2025-12-25 18:48:40,406 | INFO | trader.binance_spot_bbo | BBO BTCUSDT bid=87463.76 ask=87463.77 mid=87463.76
2025-12-25 18:48:40,406 | INFO | trader.binance_spot_bbo | BBO BTCUSDT bid=87463.76 ask=87463.77 mid=87463.76
2025-12-25 18:48:40,407 | INFO | trader.binance_spot_bbo | BBO BTCUSDT bid=87463.76 ask=87463.77 mid=87463.76
2025-12-25 18:48:40,408 | INFO | trader.binance_spot_bbo | BBO BTCUSDT bid=87463.76 ask=87463.77 mid=87463.76
2025-12-25 18:48:40,408 | INFO | trader.binance_spot_bbo | BBO BTCUSDT bid=87463.76 ask=87463.77 mid=87463.76
2025-12-25 18:48:40,409 | INFO | trader.binance_spot_bbo | BBO BTCUSDT bid=87463.76 ask=87463.77 mid=87463.76
2025-12-25 18:48:40,410 | INFO | trader.binance_spot_bbo | BBO BTCUSDT bid=87463.76 ask=87463.77 mid=87463.76
2025-12-25 18:48:40,411 | INFO | trader.binance_spot_bbo | BBO BTCUSDT bid=87463.76 ask=87463.77 mid=87463.76
2025-12-25 18:48:40,411 | INFO | trader.binance_spot_bbo | BBO BTCUSDT bid=87463.76 ask=87463.77 mid=87463.76
2025-12-25 18:48:40,411 | INFO | trader.binance_spot_bbo | BBO BTCUSDT bid=87463.76 ask=87463.77 mid=87463.76
2025-12-25 18:48:40,412 | INFO | trader.binance_spot_bbo | BBO BTCUSDT bid=87463.76 ask=87463.77 mid=87463.76
2025-12-25 18:48:40,412 | INFO | trader.binance_spot_bbo | BBO BTCUSDT bid=87463.76 ask=87463.77 mid=87463.76
2025-12-25 18:48:40,413 | INFO | trader.binance_spot_bbo | BBO BTCUSDT bid=87463.76 ask=87463.77 mid=87463.76
2025-12-25 18:48:40,413 | INFO | trader.binance_spot_bbo | BBO BTCUSDT bid=87463.76 ask=87463.77 mid=87463.76
2025-12-25 18:48:40,423 | INFO | trader.binance_spot_bbo | BBO BTCUSDT bid=87463.76 ask=87463.77 mid=87463.76
2025-12-25 18:48:40,424 | INFO | trader.binance_spot_bbo | BBO BTCUSDT bid=87463.76 ask=87463.77 mid=87463.76
2025-12-25 18:48:40,424 | INFO | trader.binance_spot_bbo | BBO BTCUSDT bid=87463.76 ask=87463.77 mid=87463.76
2025-12-25 18:48:40,425 | INFO | trader.binance_spot_bbo | BBO BTCUSDT bid=87463.76 ask=87463.77 mid=87463.76
2025-12-25 18:48:40,425 | INFO | trader.binance_spot_bbo | BBO BTCUSDT bid=87463.76 ask=87463.77 mid=87463.76
2025-12-25 18:48:40,425 | INFO | trader.binance_spot_bbo | BBO BTCUSDT bid=87463.76 ask=87463.77 mid=87463.76
2025-12-25 18:48:40,427 | INFO | trader.binance_spot_bbo | BBO BTCUSDT bid=87463.76 ask=87463.77 mid=87463.76
2025-12-25 18:48:40,429 | INFO | trader.binance_spot_bbo | BBO BTCUSDT bid=87463.76 ask=87463.77 mid=87463.76
2025-12-25 18:48:40,429 | INFO | trader.binance_spot_bbo | BBO BTCUSDT bid=87463.76 ask=87463.77 mid=87463.76
2025-12-25 18:48:40,430 | INFO | trader.binance_spot_bbo | BBO BTCUSDT bid=87463.76 ask=87463.77 mid=87463.76
2025-12-25 18:48:40,430 | INFO | trader.binance_spot_bbo | BBO BTCUSDT bid=87463.76 ask=87463.77 mid=87463.76
2025-12-25 18:48:40,430 | INFO | trader.binance_spot_bbo | BBO BTCUSDT bid=87463.76 ask=87463.77 mid=87463.76
2025-12-25 18:48:40,431 | INFO | trader.binance_spot_bbo | BBO BTCUSDT bid=87463.76 ask=87463.77 mid=87463.76
2025-12-25 18:48:40,432 | INFO | trader.binance_spot_bbo | BBO BTCUSDT bid=87463.76 ask=87463.77 mid=87463.76
2025-12-25 18:48:40,449 | INFO | trader.binance_spot_bbo | BBO BTCUSDT bid=87463.76 ask=87463.77 mid=87463.76
2025-12-25 18:48:40,466 | INFO | trader.binance_spot_bbo | BBO BTCUSDT bid=87463.76 ask=87463.77 mid=87463.76
2025-12-25 18:48:40,471 | INFO | trader.binance_spot_bbo | BBO BTCUSDT bid=87463.76 ask=87463.77 mid=87463.76
2025-12-25 18:48:40,472 | INFO | trader.binance_spot_bbo | BBO BTCUSDT bid=87463.76 ask=87463.77 mid=87463.76
2025-12-25 18:48:40,472 | INFO | trader.binance_spot_bbo | BBO BTCUSDT bid=87463.76 ask=87463.77 mid=87463.76
2025-12-25 18:48:40,509 | INFO | trader.binance_spot_bbo | BBO BTCUSDT bid=87463.76 ask=87463.77 mid=87463.76
2025-12-25 18:48:40,520 | INFO | trader.binance_spot_bbo | BBO BTCUSDT bid=87463.76 ask=87463.77 mid=87463.76
2025-12-25 18:48:40,550 | INFO | trader.binance_spot_bbo | BBO BTCUSDT bid=87463.76 ask=87463.86 mid=87463.81
2025-12-25 18:48:40,551 | INFO | trader.binance_spot_bbo | BBO BTCUSDT bid=87463.76 ask=87463.86 mid=87463.81
2025-12-25 18:48:40,551 | INFO | trader.binance_spot_bbo | BBO BTCUSDT bid=87463.77 ask=87463.86 mid=87463.82
2025-12-25 18:48:40,552 | INFO | trader.binance_spot_bbo | BBO BTCUSDT bid=87463.77 ask=87463.86 mid=87463.82
2025-12-25 18:48:40,552 | INFO | trader.binance_spot_bbo | BBO BTCUSDT bid=87463.77 ask=87463.86 mid=87463.82
2025-12-25 18:48:40,553 | INFO | trader.binance_spot_bbo | BBO BTCUSDT bid=87463.77 ask=87463.86 mid=87463.82
2025-12-25 18:48:40,553 | INFO | trader.binance_spot_bbo | BBO BTCUSDT bid=87463.77 ask=87463.86 mid=87463.82
2025-12-25 18:48:40,554 | INFO | trader.binance_spot_bbo | BBO BTCUSDT bid=87463.77 ask=87463.86 mid=87463.82
2025-12-25 18:48:40,554 | INFO | trader.binance_spot_bbo | BBO BTCUSDT bid=87463.77 ask=87463.86 mid=87463.82
2025-12-25 18:48:40,555 | INFO | trader.binance_spot_bbo | BBO BTCUSDT bid=87463.77 ask=87463.86 mid=87463.82
2025-12-25 18:48:40,556 | INFO | trader.binance_spot_bbo | BBO BTCUSDT bid=87463.77 ask=87463.86 mid=87463.82
2025-12-25 18:48:40,556 | INFO | trader.binance_spot_bbo | BBO BTCUSDT bid=87463.77 ask=87464.71 mid=87464.24
2025-12-25 18:48:40,557 | INFO | trader.binance_spot_bbo | BBO BTCUSDT bid=87464.44 ask=87464.71 mid=87464.58
2025-12-25 18:48:40,558 | INFO | trader.binance_spot_bbo | BBO BTCUSDT bid=87464.44 ask=87464.71 mid=87464.58
2025-12-25 18:48:40,559 | INFO | trader.binance_spot_bbo | BBO BTCUSDT bid=87464.44 ask=87464.71 mid=87464.58
2025-12-25 18:48:40,561 | INFO | trader.binance_spot_bbo | BBO BTCUSDT bid=87464.70 ask=87464.71 mid=87464.71
2025-12-25 18:48:40,562 | INFO | trader.binance_spot_bbo | BBO BTCUSDT bid=87464.70 ask=87464.71 mid=87464.71
2025-12-25 18:48:40,566 | INFO | trader.binance_spot_bbo | BBO BTCUSDT bid=87464.70 ask=87464.71 mid=87464.71
2025-12-25 18:48:40,567 | INFO | trader.binance_spot_bbo | BBO BTCUSDT bid=87464.70 ask=87464.71 mid=87464.71
2025-12-25 18:48:40,567 | INFO | trader.binance_spot_bbo | BBO BTCUSDT bid=87464.70 ask=87464.71 mid=87464.71
2025-12-25 18:48:40,568 | INFO | trader.binance_spot_bbo | BBO BTCUSDT bid=87464.70 ask=87464.71 mid=87464.71
2025-12-25 18:48:40,568 | INFO | trader.binance_spot_bbo | BBO BTCUSDT bid=87464.70 ask=87464.71 mid=87464.71
2025-12-25 18:48:40,569 | INFO | trader.binance_spot_bbo | BBO BTCUSDT bid=87464.70 ask=87464.71 mid=87464.71
2025-12-25 18:48:40,569 | INFO | trader.binance_spot_bbo | BBO BTCUSDT bid=87464.70 ask=87464.71 mid=87464.71
2025-12-25 18:48:40,569 | INFO | trader.binance_spot_bbo | BBO BTCUSDT bid=87464.70 ask=87464.71 mid=87464.71
2025-12-25 18:48:40,569 | INFO | trader.binance_spot_bbo | BBO BTCUSDT bid=87464.70 ask=87464.71 mid=87464.71
2025-12-25 18:48:40,570 | INFO | trader.binance_spot_bbo | BBO BTCUSDT bid=87464.70 ask=87464.71 mid=87464.71
2025-12-25 18:48:40,570 | INFO | trader.binance_spot_bbo | BBO BTCUSDT bid=87464.70 ask=87464.71 mid=87464.71
2025-12-25 18:48:40,570 | INFO | trader.binance_spot_bbo | BBO BTCUSDT bid=87464.70 ask=87464.71 mid=87464.71
2025-12-25 18:48:40,571 | INFO | trader.binance_spot_bbo | BBO BTCUSDT bid=87464.70 ask=87464.71 mid=87464.71
2025-12-25 18:48:40,571 | INFO | trader.binance_spot_bbo | BBO BTCUSDT bid=87464.70 ask=87464.71 mid=87464.71
2025-12-25 18:48:40,573 | INFO | trader.binance_spot_bbo | BBO BTCUSDT bid=87464.70 ask=87464.71 mid=87464.71
2025-12-25 18:48:40,574 | INFO | trader.binance_spot_bbo | BBO BTCUSDT bid=87464.70 ask=87464.71 mid=87464.71
2025-12-25 18:48:40,574 | INFO | trader.binance_spot_bbo | BBO BTCUSDT bid=87464.70 ask=87464.71 mid=87464.71
2025-12-25 18:48:40,575 | INFO | trader.binance_spot_bbo | BBO BTCUSDT bid=87464.70 ask=87464.71 mid=87464.71
2025-12-25 18:48:40,575 | INFO | trader.binance_spot_bbo | BBO BTCUSDT bid=87464.70 ask=87464.71 mid=87464.71
2025-12-25 18:48:40,576 | INFO | trader.binance_spot_bbo | BBO BTCUSDT bid=87464.70 ask=87464.71 mid=87464.71
2025-12-25 18:48:40,576 | INFO | trader.binance_spot_bbo | BBO BTCUSDT bid=87464.70 ask=87464.71 mid=87464.71
2025-12-25 18:48:40,576 | INFO | trader.binance_spot_bbo | BBO BTCUSDT bid=87464.70 ask=87464.71 mid=87464.71
2025-12-25 18:48:40,577 | INFO | trader.binance_spot_bbo | BBO BTCUSDT bid=87464.70 ask=87464.71 mid=87464.71
2025-12-25 18:48:40,577 | INFO | trader.binance_spot_bbo | BBO BTCUSDT bid=87464.70 ask=87464.71 mid=87464.71
2025-12-25 18:48:40,577 | INFO | trader.binance_spot_bbo | BBO BTCUSDT bid=87464.70 ask=87464.71 mid=87464.71
2025-12-25 18:48:40,578 | INFO | trader.binance_spot_bbo | BBO BTCUSDT bid=87464.70 ask=87464.71 mid=87464.71
2025-12-25 18:48:40,578 | INFO | trader.binance_spot_bbo | BBO BTCUSDT bid=87464.70 ask=87464.71 mid=87464.71
2025-12-25 18:48:40,579 | INFO | trader.binance_spot_bbo | BBO BTCUSDT bid=87464.70 ask=87464.71 mid=87464.71
2025-12-25 18:48:40,580 | INFO | trader.binance_spot_bbo | BBO BTCUSDT bid=87464.70 ask=87464.71 mid=87464.71
2025-12-25 18:48:40,581 | INFO | trader.binance_spot_bbo | BBO BTCUSDT bid=87464.70 ask=87464.71 mid=87464.71
2025-12-25 18:48:40,581 | INFO | trader.binance_spot_bbo | BBO BTCUSDT bid=87464.70 ask=87464.71 mid=87464.71
2025-12-25 18:48:40,581 | INFO | trader.binance_spot_bbo | BBO BTCUSDT bid=87464.70 ask=87464.71 mid=87464.71
2025-12-25 18:48:40,581 | INFO | trader.binance_spot_bbo | BBO BTCUSDT bid=87464.70 ask=87464.71 mid=87464.71
2025-12-25 18:48:40,582 | INFO | trader.binance_spot_bbo | BBO BTCUSDT bid=87464.70 ask=87464.71 mid=87464.71
2025-12-25 18:48:40,582 | INFO | trader.binance_spot_bbo | BBO BTCUSDT bid=87464.70 ask=87464.71 mid=87464.71
2025-12-25 18:48:40,582 | INFO | trader.binance_spot_bbo | BBO BTCUSDT bid=87464.70 ask=87464.71 mid=87464.71
2025-12-25 18:48:40,582 | INFO | trader.binance_spot_bbo | BBO BTCUSDT bid=87464.70 ask=87464.71 mid=87464.71
2025-12-25 18:48:40,583 | INFO | trader.binance_spot_bbo | BBO BTCUSDT bid=87464.70 ask=87464.71 mid=87464.71
2025-12-25 18:48:40,583 | INFO | trader.binance_spot_bbo | BBO BTCUSDT bid=87464.70 ask=87464.71 mid=87464.71
2025-12-25 18:48:40,584 | INFO | trader.binance_spot_bbo | BBO BTCUSDT bid=87464.70 ask=87464.71 mid=87464.71
2025-12-25 18:48:40,585 | INFO | trader.binance_spot_bbo | BBO BTCUSDT bid=87464.70 ask=87464.71 mid=87464.71
2025-12-25 18:48:40,586 | INFO | trader.binance_spot_bbo | BBO BTCUSDT bid=87464.70 ask=87464.71 mid=87464.71
2025-12-25 18:48:40,586 | INFO | trader.binance_spot_bbo | BBO BTCUSDT bid=87464.70 ask=87464.71 mid=87464.71
2025-12-25 18:48:40,586 | INFO | trader.binance_spot_bbo | BBO BTCUSDT bid=87464.70 ask=87464.71 mid=87464.71
2025-12-25 18:48:40,586 | INFO | trader.binance_spot_bbo | BBO BTCUSDT bid=87464.70 ask=87464.71 mid=87464.71
2025-12-25 18:48:40,586 | INFO | trader.binance_spot_bbo | BBO BTCUSDT bid=87464.70 ask=87464.71 mid=87464.71
2025-12-25 18:48:40,587 | INFO | trader.binance_spot_bbo | BBO BTCUSDT bid=87464.70 ask=87464.71 mid=87464.71
2025-12-25 18:48:40,587 | INFO | trader.binance_spot_bbo | BBO BTCUSDT bid=87464.70 ask=87464.71 mid=87464.71
2025-12-25 18:48:40,588 | INFO | trader.binance_spot_bbo | BBO BTCUSDT bid=87464.70 ask=87464.71 mid=87464.71
2025-12-25 18:48:40,588 | INFO | trader.binance_spot_bbo | BBO BTCUSDT bid=87464.70 ask=87464.71 mid=87464.71
2025-12-25 18:48:40,588 | INFO | trader.binance_spot_bbo | BBO BTCUSDT bid=87464.70 ask=87464.71 mid=87464.71
2025-12-25 18:48:40,588 | INFO | trader.binance_spot_bbo | BBO BTCUSDT bid=87464.70 ask=87464.71 mid=87464.71
2025-12-25 18:48:40,589 | INFO | trader.binance_spot_bbo | BBO BTCUSDT bid=87464.70 ask=87464.71 mid=87464.71
2025-12-25 18:48:40,589 | INFO | trader.binance_spot_bbo | BBO BTCUSDT bid=87464.70 ask=87464.71 mid=87464.71
2025-12-25 18:48:40,589 | INFO | trader.binance_spot_bbo | BBO BTCUSDT bid=87464.70 ask=87464.71 mid=87464.71
2025-12-25 18:48:40,590 | INFO | trader.binance_spot_bbo | BBO BTCUSDT bid=87464.70 ask=87464.71 mid=87464.71
2025-12-25 18:48:40,590 | INFO | trader.binance_spot_bbo | BBO BTCUSDT bid=87464.70 ask=87464.71 mid=87464.71
2025-12-25 18:48:40,591 | INFO | trader.binance_spot_bbo | BBO BTCUSDT bid=87464.70 ask=87464.71 mid=87464.71
2025-12-25 18:48:40,592 | INFO | trader.binance_spot_bbo | BBO BTCUSDT bid=87464.70 ask=87464.71 mid=87464.71
2025-12-25 18:48:40,592 | INFO | trader.binance_spot_bbo | BBO BTCUSDT bid=87464.70 ask=87464.71 mid=87464.71
2025-12-25 18:48:40,593 | INFO | trader.binance_spot_bbo | BBO BTCUSDT bid=87464.70 ask=87464.71 mid=87464.71
2025-12-25 18:48:40,593 | INFO | trader.binance_spot_bbo | BBO BTCUSDT bid=87467.83 ask=87467.84 mid=87467.83
2025-12-25 18:48:40,593 | INFO | trader.binance_spot_bbo | BBO BTCUSDT bid=87467.83 ask=87467.84 mid=87467.83
2025-12-25 18:48:40,594 | INFO | trader.binance_spot_bbo | BBO BTCUSDT bid=87467.83 ask=87467.84 mid=87467.83
2025-12-25 18:48:40,594 | INFO | trader.binance_spot_bbo | BBO BTCUSDT bid=87467.83 ask=87467.84 mid=87467.83
2025-12-25 18:48:40,594 | INFO | trader.binance_spot_bbo | BBO BTCUSDT bid=87467.83 ask=87467.84 mid=87467.83
2025-12-25 18:48:40,595 | INFO | trader.binance_spot_bbo | BBO BTCUSDT bid=87467.83 ask=87467.84 mid=87467.83
2025-12-25 18:48:40,595 | INFO | trader.binance_spot_bbo | BBO BTCUSDT bid=87467.83 ask=87467.84 mid=87467.83
2025-12-25 18:48:40,595 | INFO | trader.binance_spot_bbo | BBO BTCUSDT bid=87467.83 ask=87467.84 mid=87467.83
2025-12-25 18:48:40,596 | INFO | trader.binance_spot_bbo | BBO BTCUSDT bid=87467.83 ask=87467.84 mid=87467.83
2025-12-25 18:48:40,597 | INFO | trader.binance_spot_bbo | BBO BTCUSDT bid=87467.83 ask=87467.84 mid=87467.83
2025-12-25 18:48:40,597 | INFO | trader.binance_spot_bbo | BBO BTCUSDT bid=87467.83 ask=87467.84 mid=87467.83
2025-12-25 18:48:40,597 | INFO | trader.binance_spot_bbo | BBO BTCUSDT bid=87467.83 ask=87467.84 mid=87467.83
2025-12-25 18:48:40,598 | INFO | trader.binance_spot_bbo | BBO BTCUSDT bid=87467.83 ask=87467.84 mid=87467.83
2025-12-25 18:48:40,598 | INFO | trader.binance_spot_bbo | BBO BTCUSDT bid=87467.83 ask=87467.84 mid=87467.83
2025-12-25 18:48:40,598 | INFO | trader.binance_spot_bbo | BBO BTCUSDT bid=87467.83 ask=87467.84 mid=87467.83
2025-12-25 18:48:40,598 | INFO | trader.binance_spot_bbo | BBO BTCUSDT bid=87467.83 ask=87467.84 mid=87467.83
2025-12-25 18:48:40,598 | INFO | trader.binance_spot_bbo | BBO BTCUSDT bid=87467.83 ask=87467.84 mid=87467.83
2025-12-25 18:48:40,599 | INFO | trader.binance_spot_bbo | BBO BTCUSDT bid=87467.83 ask=87467.84 mid=87467.83
2025-12-25 18:48:40,599 | INFO | trader.binance_spot_bbo | BBO BTCUSDT bid=87467.83 ask=87467.84 mid=87467.83
2025-12-25 18:48:40,599 | INFO | trader.binance_spot_bbo | BBO BTCUSDT bid=87467.83 ask=87467.84 mid=87467.83
2025-12-25 18:48:40,600 | INFO | trader.binance_spot_bbo | BBO BTCUSDT bid=87467.83 ask=87467.84 mid=87467.83
2025-12-25 18:48:40,600 | INFO | trader.binance_spot_bbo | BBO BTCUSDT bid=87467.83 ask=87467.84 mid=87467.83
2025-12-25 18:48:40,601 | INFO | trader.binance_spot_bbo | BBO BTCUSDT bid=87467.83 ask=87467.84 mid=87467.83
2025-12-25 18:48:40,601 | INFO | trader.binance_spot_bbo | BBO BTCUSDT bid=87467.83 ask=87467.84 mid=87467.83
2025-12-25 18:48:40,601 | INFO | trader.binance_spot_bbo | BBO BTCUSDT bid=87467.83 ask=87467.84 mid=87467.83
2025-12-25 18:48:40,602 | INFO | trader.binance_spot_bbo | BBO BTCUSDT bid=87467.83 ask=87467.84 mid=87467.83
2025-12-25 18:48:40,602 | INFO | trader.binance_spot_bbo | BBO BTCUSDT bid=87467.83 ask=87467.84 mid=87467.83
2025-12-25 18:48:40,604 | INFO | trader.binance_spot_bbo | BBO BTCUSDT bid=87467.83 ask=87467.84 mid=87467.83
2025-12-25 18:48:40,604 | INFO | trader.binance_spot_bbo | BBO BTCUSDT bid=87467.83 ask=87467.84 mid=87467.83
2025-12-25 18:48:40,605 | INFO | trader.binance_spot_bbo | BBO BTCUSDT bid=87467.83 ask=87467.84 mid=87467.83
2025-12-25 18:48:40,605 | INFO | trader.binance_spot_bbo | BBO BTCUSDT bid=87467.83 ask=87467.84 mid=87467.83
2025-12-25 18:48:40,606 | INFO | trader.binance_spot_bbo | BBO BTCUSDT bid=87467.83 ask=87467.84 mid=87467.83
2025-12-25 18:48:40,606 | INFO | trader.binance_spot_bbo | BBO BTCUSDT bid=87467.83 ask=87467.84 mid=87467.83
2025-12-25 18:48:40,606 | INFO | trader.binance_spot_bbo | BBO BTCUSDT bid=87467.83 ask=87467.84 mid=87467.83
2025-12-25 18:48:40,606 | INFO | trader.binance_spot_bbo | BBO BTCUSDT bid=87467.83 ask=87467.84 mid=87467.83
2025-12-25 18:48:40,607 | INFO | trader.binance_spot_bbo | BBO BTCUSDT bid=87467.83 ask=87467.84 mid=87467.83
2025-12-25 18:48:40,607 | INFO | trader.binance_spot_bbo | BBO BTCUSDT bid=87467.83 ask=87467.84 mid=87467.83
2025-12-25 18:48:40,607 | INFO | trader.binance_spot_bbo | BBO BTCUSDT bid=87467.83 ask=87467.84 mid=87467.83
2025-12-25 18:48:40,607 | INFO | trader.binance_spot_bbo | BBO BTCUSDT bid=87467.83 ask=87467.84 mid=87467.83
2025-12-25 18:48:40,607 | INFO | trader.binance_spot_bbo | BBO BTCUSDT bid=87467.83 ask=87467.84 mid=87467.83
2025-12-25 18:48:40,608 | INFO | trader.binance_spot_bbo | BBO BTCUSDT bid=87467.83 ask=87467.84 mid=87467.83
2025-12-25 18:48:40,608 | INFO | trader.binance_spot_bbo | BBO BTCUSDT bid=87467.83 ask=87467.84 mid=87467.83
2025-12-25 18:48:40,609 | INFO | trader.binance_spot_bbo | BBO BTCUSDT bid=87467.83 ask=87467.84 mid=87467.83
2025-12-25 18:48:40,609 | INFO | trader.binance_spot_bbo | BBO BTCUSDT bid=87467.83 ask=87467.84 mid=87467.83
2025-12-25 18:48:40,609 | INFO | trader.binance_spot_bbo | BBO BTCUSDT bid=87467.83 ask=87467.84 mid=87467.83
2025-12-25 18:48:40,610 | INFO | trader.binance_spot_bbo | BBO BTCUSDT bid=87467.83 ask=87467.84 mid=87467.83
2025-12-25 18:48:40,610 | INFO | trader.binance_spot_bbo | BBO BTCUSDT bid=87467.83 ask=87467.84 mid=87467.83
2025-12-25 18:48:40,610 | INFO | trader.binance_spot_bbo | BBO BTCUSDT bid=87467.83 ask=87467.84 mid=87467.83
2025-12-25 18:48:40,610 | INFO | trader.binance_spot_bbo | BBO BTCUSDT bid=87467.83 ask=87467.84 mid=87467.83
2025-12-25 18:48:40,611 | INFO | trader.binance_spot_bbo | BBO BTCUSDT bid=87467.83 ask=87467.84 mid=87467.83
2025-12-25 18:48:40,611 | INFO | trader.binance_spot_bbo | BBO BTCUSDT bid=87467.83 ask=87467.84 mid=87467.83
2025-12-25 18:48:40,611 | INFO | trader.binance_spot_bbo | BBO BTCUSDT bid=87467.83 ask=87467.84 mid=87467.83
2025-12-25 18:48:40,612 | INFO | trader.binance_spot_bbo | BBO BTCUSDT bid=87467.83 ask=87467.84 mid=87467.83
2025-12-25 18:48:40,612 | INFO | trader.binance_spot_bbo | BBO BTCUSDT bid=87467.83 ask=87467.84 mid=87467.83
2025-12-25 18:48:40,612 | INFO | trader.binance_spot_bbo | BBO BTCUSDT bid=87467.83 ask=87467.84 mid=87467.83
2025-12-25 18:48:40,612 | INFO | trader.binance_spot_bbo | BBO BTCUSDT bid=87467.83 ask=87467.84 mid=87467.83
2025-12-25 18:48:40,613 | INFO | trader.binance_spot_bbo | BBO BTCUSDT bid=87467.83 ask=87467.84 mid=87467.83
2025-12-25 18:48:40,613 | INFO | trader.binance_spot_bbo | BBO BTCUSDT bid=87467.83 ask=87467.84 mid=87467.83
2025-12-25 18:48:40,613 | INFO | trader.binance_spot_bbo | BBO BTCUSDT bid=87467.83 ask=87467.84 mid=87467.83
2025-12-25 18:48:40,613 | INFO | trader.binance_spot_bbo | BBO BTCUSDT bid=87467.83 ask=87467.84 mid=87467.83
2025-12-25 18:48:40,613 | INFO | trader.binance_spot_bbo | BBO BTCUSDT bid=87467.83 ask=87467.84 mid=87467.83
2025-12-25 18:48:40,614 | INFO | trader.binance_spot_bbo | BBO BTCUSDT bid=87467.83 ask=87467.84 mid=87467.83
2025-12-25 18:48:40,615 | INFO | trader.binance_spot_bbo | BBO BTCUSDT bid=87467.83 ask=87467.84 mid=87467.83
2025-12-25 18:48:40,615 | INFO | trader.binance_spot_bbo | BBO BTCUSDT bid=87467.83 ask=87467.84 mid=87467.83
2025-12-25 18:48:40,616 | INFO | trader.binance_spot_bbo | BBO BTCUSDT bid=87467.83 ask=87467.84 mid=87467.83
2025-12-25 18:48:40,616 | INFO | trader.binance_spot_bbo | BBO BTCUSDT bid=87467.83 ask=87467.84 mid=87467.83
2025-12-25 18:48:40,616 | INFO | trader.binance_spot_bbo | BBO BTCUSDT bid=87467.83 ask=87467.84 mid=87467.83
2025-12-25 18:48:40,617 | INFO | trader.binance_spot_bbo | BBO BTCUSDT bid=87467.83 ask=87467.84 mid=87467.83
2025-12-25 18:48:40,617 | INFO | trader.binance_spot_bbo | BBO BTCUSDT bid=87467.83 ask=87467.84 mid=87467.83
2025-12-25 18:48:40,617 | INFO | trader.binance_spot_bbo | BBO BTCUSDT bid=87467.83 ask=87467.84 mid=87467.83
2025-12-25 18:48:40,617 | INFO | trader.binance_spot_bbo | BBO BTCUSDT bid=87467.83 ask=87467.84 mid=87467.83
2025-12-25 18:48:40,618 | INFO | trader.binance_spot_bbo | BBO BTCUSDT bid=87467.83 ask=87467.84 mid=87467.83
2025-12-25 18:48:40,618 | INFO | trader.binance_spot_bbo | BBO BTCUSDT bid=87467.83 ask=87467.84 mid=87467.83
2025-12-25 18:48:40,619 | INFO | trader.binance_spot_bbo | BBO BTCUSDT bid=87467.83 ask=87467.84 mid=87467.83
2025-12-25 18:48:40,619 | INFO | trader.binance_spot_bbo | BBO BTCUSDT bid=87467.83 ask=87467.84 mid=87467.83
2025-12-25 18:48:40,619 | INFO | trader.binance_spot_bbo | BBO BTCUSDT bid=87467.83 ask=87467.84 mid=87467.83
2025-12-25 18:48:40,620 | INFO | trader.binance_spot_bbo | BBO BTCUSDT bid=87467.83 ask=87467.84 mid=87467.83
2025-12-25 18:48:40,620 | INFO | trader.binance_spot_bbo | BBO BTCUSDT bid=87467.83 ask=87467.84 mid=87467.83
2025-12-25 18:48:40,621 | INFO | trader.binance_spot_bbo | BBO BTCUSDT bid=87467.83 ask=87467.84 mid=87467.83
2025-12-25 18:48:40,622 | INFO | trader.binance_spot_bbo | BBO BTCUSDT bid=87467.83 ask=87467.84 mid=87467.83
2025-12-25 18:48:40,622 | INFO | trader.binance_spot_bbo | BBO BTCUSDT bid=87467.83 ask=87467.84 mid=87467.83
2025-12-25 18:48:40,623 | INFO | trader.binance_spot_bbo | BBO BTCUSDT bid=87467.83 ask=87467.84 mid=87467.83
2025-12-25 18:48:40,623 | INFO | trader.binance_spot_bbo | BBO BTCUSDT bid=87467.83 ask=87467.84 mid=87467.83
2025-12-25 18:48:40,623 | INFO | trader.binance_spot_bbo | BBO BTCUSDT bid=87467.83 ask=87467.84 mid=87467.83
2025-12-25 18:48:40,623 | INFO | trader.binance_spot_bbo | BBO BTCUSDT bid=87467.83 ask=87467.84 mid=87467.83
2025-12-25 18:48:40,624 | INFO | trader.binance_spot_bbo | BBO BTCUSDT bid=87467.83 ask=87467.84 mid=87467.83
2025-12-25 18:48:40,624 | INFO | trader.binance_spot_bbo | BBO BTCUSDT bid=87467.83 ask=87467.84 mid=87467.83
2025-12-25 18:48:40,626 | INFO | trader.binance_spot_bbo | BBO BTCUSDT bid=87467.83 ask=87467.84 mid=87467.83
2025-12-25 18:48:40,627 | INFO | trader.binance_spot_bbo | BBO BTCUSDT bid=87467.83 ask=87467.84 mid=87467.83
2025-12-25 18:48:40,627 | INFO | trader.binance_spot_bbo | BBO BTCUSDT bid=87467.83 ask=87467.84 mid=87467.83
2025-12-25 18:48:40,628 | INFO | trader.binance_spot_bbo | BBO BTCUSDT bid=87467.83 ask=87467.84 mid=87467.83
2025-12-25 18:48:40,628 | INFO | trader.binance_spot_bbo | BBO BTCUSDT bid=87467.83 ask=87467.84 mid=87467.83
2025-12-25 18:48:40,628 | INFO | trader.binance_spot_bbo | BBO BTCUSDT bid=87467.83 ask=87467.84 mid=87467.83
2025-12-25 18:48:40,628 | INFO | trader.binance_spot_bbo | BBO BTCUSDT bid=87467.83 ask=87467.84 mid=87467.83
2025-12-25 18:48:40,629 | INFO | trader.binance_spot_bbo | BBO BTCUSDT bid=87467.83 ask=87467.84 mid=87467.83
2025-12-25 18:48:40,629 | INFO | trader.binance_spot_bbo | BBO BTCUSDT bid=87467.83 ask=87467.84 mid=87467.83
2025-12-25 18:48:40,636 | INFO | trader.binance_spot_bbo | BBO BTCUSDT bid=87467.83 ask=87467.84 mid=87467.83
2025-12-25 18:48:40,636 | INFO | trader.binance_spot_bbo | BBO BTCUSDT bid=87467.83 ask=87467.84 mid=87467.83
2025-12-25 18:48:40,636 | INFO | trader.binance_spot_bbo | BBO BTCUSDT bid=87467.83 ask=87467.84 mid=87467.83
2025-12-25 18:48:40,637 | INFO | trader.binance_spot_bbo | BBO BTCUSDT bid=87467.83 ask=87467.84 mid=87467.83
2025-12-25 18:48:40,637 | INFO | trader.binance_spot_bbo | BBO BTCUSDT bid=87467.83 ask=87467.84 mid=87467.83
2025-12-25 18:48:40,641 | INFO | trader.binance_spot_bbo | BBO BTCUSDT bid=87467.83 ask=87467.84 mid=87467.83
2025-12-25 18:48:40,641 | INFO | trader.binance_spot_bbo | BBO BTCUSDT bid=87467.83 ask=87467.84 mid=87467.83
2025-12-25 18:48:40,641 | INFO | trader.binance_spot_bbo | BBO BTCUSDT bid=87467.83 ask=87467.84 mid=87467.83
2025-12-25 18:48:40,642 | INFO | trader.binance_spot_bbo | BBO BTCUSDT bid=87467.83 ask=87467.84 mid=87467.83
2025-12-25 18:48:40,643 | INFO | trader.binance_spot_bbo | BBO BTCUSDT bid=87467.83 ask=87467.84 mid=87467.83
2025-12-25 18:48:40,644 | INFO | trader.binance_spot_bbo | BBO BTCUSDT bid=87467.83 ask=87467.84 mid=87467.83
2025-12-25 18:48:40,646 | INFO | trader.binance_spot_bbo | BBO BTCUSDT bid=87467.83 ask=87467.84 mid=87467.83
2025-12-25 18:48:40,646 | INFO | trader.binance_spot_bbo | BBO BTCUSDT bid=87467.83 ask=87467.84 mid=87467.83
2025-12-25 18:48:40,647 | INFO | trader.binance_spot_bbo | BBO BTCUSDT bid=87467.83 ask=87467.84 mid=87467.83
2025-12-25 18:48:40,648 | INFO | trader.binance_spot_bbo | BBO BTCUSDT bid=87467.83 ask=87467.84 mid=87467.83
2025-12-25 18:48:40,649 | INFO | trader.binance_spot_bbo | BBO BTCUSDT bid=87467.83 ask=87467.84 mid=87467.83
2025-12-25 18:48:40,651 | INFO | trader.binance_spot_bbo | BBO BTCUSDT bid=87467.83 ask=87467.84 mid=87467.83
2025-12-25 18:48:40,651 | INFO | trader.binance_spot_bbo | BBO BTCUSDT bid=87467.83 ask=87467.84 mid=87467.83
2025-12-25 18:48:40,652 | INFO | trader.binance_spot_bbo | BBO BTCUSDT bid=87467.83 ask=87467.84 mid=87467.83
2025-12-25 18:48:40,652 | INFO | trader.binance_spot_bbo | BBO BTCUSDT bid=87467.83 ask=87467.84 mid=87467.83
2025-12-25 18:48:40,652 | INFO | trader.binance_spot_bbo | BBO BTCUSDT bid=87467.83 ask=87467.84 mid=87467.83
2025-12-25 18:48:40,652 | INFO | trader.binance_spot_bbo | BBO BTCUSDT bid=87467.83 ask=87467.84 mid=87467.83
2025-12-25 18:48:40,653 | INFO | trader.binance_spot_bbo | BBO BTCUSDT bid=87467.83 ask=87467.84 mid=87467.83
2025-12-25 18:48:40,654 | INFO | trader.binance_spot_bbo | BBO BTCUSDT bid=87467.83 ask=87467.84 mid=87467.83
2025-12-25 18:48:40,654 | INFO | trader.binance_spot_bbo | BBO BTCUSDT bid=87467.83 ask=87467.84 mid=87467.83
2025-12-25 18:48:40,654 | INFO | trader.binance_spot_bbo | BBO BTCUSDT bid=87467.83 ask=87467.84 mid=87467.83
2025-12-25 18:48:40,655 | INFO | trader.binance_spot_bbo | BBO BTCUSDT bid=87467.83 ask=87467.84 mid=87467.83
2025-12-25 18:48:40,655 | INFO | trader.binance_spot_bbo | BBO BTCUSDT bid=87467.83 ask=87467.84 mid=87467.83
2025-12-25 18:48:40,655 | INFO | trader.binance_spot_bbo | BBO BTCUSDT bid=87467.83 ask=87467.84 mid=87467.83
2025-12-25 18:48:40,655 | INFO | trader.binance_spot_bbo | BBO BTCUSDT bid=87467.83 ask=87467.84 mid=87467.83
2025-12-25 18:48:40,656 | INFO | trader.binance_spot_bbo | BBO BTCUSDT bid=87467.83 ask=87467.84 mid=87467.83
2025-12-25 18:48:40,657 | INFO | trader.binance_spot_bbo | BBO BTCUSDT bid=87467.83 ask=87467.84 mid=87467.83
2025-12-25 18:48:40,658 | INFO | trader.binance_spot_bbo | BBO BTCUSDT bid=87467.83 ask=87467.84 mid=87467.83
2025-12-25 18:48:40,659 | INFO | trader.binance_spot_bbo | BBO BTCUSDT bid=87467.83 ask=87467.84 mid=87467.83
2025-12-25 18:48:40,659 | INFO | trader.binance_spot_bbo | BBO BTCUSDT bid=87467.83 ask=87467.84 mid=87467.83
2025-12-25 18:48:40,659 | INFO | trader.binance_spot_bbo | BBO BTCUSDT bid=87467.83 ask=87467.84 mid=87467.83
2025-12-25 18:48:40,660 | INFO | trader.binance_spot_bbo | BBO BTCUSDT bid=87467.83 ask=87467.84 mid=87467.83
2025-12-25 18:48:40,660 | INFO | trader.binance_spot_bbo | BBO BTCUSDT bid=87467.83 ask=87467.84 mid=87467.83
2025-12-25 18:48:40,660 | INFO | trader.binance_spot_bbo | BBO BTCUSDT bid=87467.83 ask=87467.84 mid=87467.83
2025-12-25 18:48:40,661 | INFO | trader.binance_spot_bbo | BBO BTCUSDT bid=87467.83 ask=87467.84 mid=87467.83
2025-12-25 18:48:40,661 | INFO | trader.binance_spot_bbo | BBO BTCUSDT bid=87467.83 ask=87467.84 mid=87467.83
2025-12-25 18:48:40,661 | INFO | trader.binance_spot_bbo | BBO BTCUSDT bid=87467.83 ask=87467.84 mid=87467.83
2025-12-25 18:48:40,662 | INFO | trader.binance_spot_bbo | BBO BTCUSDT bid=87467.83 ask=87467.84 mid=87467.83
2025-12-25 18:48:40,665 | INFO | trader.binance_spot_bbo | BBO BTCUSDT bid=87467.83 ask=87467.84 mid=87467.83
2025-12-25 18:48:40,666 | INFO | trader.binance_spot_bbo | BBO BTCUSDT bid=87467.83 ask=87467.84 mid=87467.83
2025-12-25 18:48:40,666 | INFO | trader.binance_spot_bbo | BBO BTCUSDT bid=87467.83 ask=87467.84 mid=87467.83
2025-12-25 18:48:40,667 | INFO | trader.binance_spot_bbo | BBO BTCUSDT bid=87467.83 ask=87467.84 mid=87467.83
2025-12-25 18:48:40,670 | INFO | trader.binance_spot_bbo | BBO BTCUSDT bid=87467.83 ask=87467.84 mid=87467.83
2025-12-25 18:48:40,672 | INFO | trader.binance_spot_bbo | BBO BTCUSDT bid=87467.83 ask=87467.84 mid=87467.83
2025-12-25 18:48:40,673 | INFO | trader.binance_spot_bbo | BBO BTCUSDT bid=87467.83 ask=87467.84 mid=87467.83
2025-12-25 18:48:40,673 | INFO | trader.binance_spot_bbo | BBO BTCUSDT bid=87467.83 ask=87467.84 mid=87467.83
2025-12-25 18:48:40,673 | INFO | trader.binance_spot_bbo | BBO BTCUSDT bid=87467.83 ask=87467.84 mid=87467.83
2025-12-25 18:48:40,673 | INFO | trader.binance_spot_bbo | BBO BTCUSDT bid=87467.83 ask=87467.84 mid=87467.83
2025-12-25 18:48:40,674 | INFO | trader.binance_spot_bbo | BBO BTCUSDT bid=87467.83 ask=87467.84 mid=87467.83
2025-12-25 18:48:40,675 | INFO | trader.binance_spot_bbo | BBO BTCUSDT bid=87467.83 ask=87467.84 mid=87467.83
2025-12-25 18:48:40,676 | INFO | trader.binance_spot_bbo | BBO BTCUSDT bid=87467.83 ask=87467.84 mid=87467.83
2025-12-25 18:48:40,676 | INFO | trader.binance_spot_bbo | BBO BTCUSDT bid=87467.83 ask=87467.84 mid=87467.83
2025-12-25 18:48:40,677 | INFO | trader.binance_spot_bbo | BBO BTCUSDT bid=87467.83 ask=87467.84 mid=87467.83
2025-12-25 18:48:40,677 | INFO | trader.binance_spot_bbo | BBO BTCUSDT bid=87467.83 ask=87467.84 mid=87467.83
2025-12-25 18:48:40,678 | INFO | trader.binance_spot_bbo | BBO BTCUSDT bid=87467.83 ask=87467.84 mid=87467.83
2025-12-25 18:48:40,678 | INFO | trader.binance_spot_bbo | BBO BTCUSDT bid=87467.83 ask=87467.84 mid=87467.83
2025-12-25 18:48:40,678 | INFO | trader.binance_spot_bbo | BBO BTCUSDT bid=87467.83 ask=87467.84 mid=87467.83
2025-12-25 18:48:40,679 | INFO | trader.binance_spot_bbo | BBO BTCUSDT bid=87467.83 ask=87467.84 mid=87467.83
2025-12-25 18:48:40,679 | INFO | trader.binance_spot_bbo | BBO BTCUSDT bid=87467.83 ask=87467.84 mid=87467.83
2025-12-25 18:48:40,680 | INFO | trader.binance_spot_bbo | BBO BTCUSDT bid=87467.83 ask=87467.84 mid=87467.83
2025-12-25 18:48:40,681 | INFO | trader.binance_spot_bbo | BBO BTCUSDT bid=87467.83 ask=87467.84 mid=87467.83
2025-12-25 18:48:40,682 | INFO | trader.binance_spot_bbo | BBO BTCUSDT bid=87467.83 ask=87467.84 mid=87467.83
2025-12-25 18:48:40,682 | INFO | trader.binance_spot_bbo | BBO BTCUSDT bid=87467.83 ask=87467.84 mid=87467.83
2025-12-25 18:48:40,682 | INFO | trader.binance_spot_bbo | BBO BTCUSDT bid=87467.83 ask=87467.84 mid=87467.83
2025-12-25 18:48:40,684 | INFO | trader.binance_spot_bbo | BBO BTCUSDT bid=87467.83 ask=87467.84 mid=87467.83
2025-12-25 18:48:40,684 | INFO | trader.binance_spot_bbo | BBO BTCUSDT bid=87467.83 ask=87467.84 mid=87467.83
2025-12-25 18:48:40,684 | INFO | trader.binance_spot_bbo | BBO BTCUSDT bid=87467.83 ask=87467.84 mid=87467.83
2025-12-25 18:48:40,685 | INFO | trader.binance_spot_bbo | BBO BTCUSDT bid=87467.83 ask=87467.84 mid=87467.83
2025-12-25 18:48:40,685 | INFO | trader.binance_spot_bbo | BBO BTCUSDT bid=87467.83 ask=87467.84 mid=87467.83
2025-12-25 18:48:40,686 | INFO | trader.binance_spot_bbo | BBO BTCUSDT bid=87467.83 ask=87467.84 mid=87467.83
2025-12-25 18:48:40,686 | INFO | trader.binance_spot_bbo | BBO BTCUSDT bid=87467.83 ask=87467.84 mid=87467.83
2025-12-25 18:48:40,690 | INFO | trader.binance_spot_bbo | BBO BTCUSDT bid=87467.83 ask=87467.84 mid=87467.83
2025-12-25 18:48:40,708 | INFO | trader.binance_spot_bbo | BBO BTCUSDT bid=87467.83 ask=87467.84 mid=87467.83
2025-12-25 18:48:40,713 | INFO | trader.binance_spot_bbo | BBO BTCUSDT bid=87467.83 ask=87467.84 mid=87467.83
2025-12-25 18:48:40,715 | INFO | trader.binance_spot_bbo | BBO BTCUSDT bid=87467.83 ask=87467.84 mid=87467.83
2025-12-25 18:48:40,720 | INFO | trader.binance_spot_bbo | BBO BTCUSDT bid=87467.83 ask=87467.84 mid=87467.83
2025-12-25 18:48:40,721 | INFO | trader.binance_spot_bbo | BBO BTCUSDT bid=87467.83 ask=87467.84 mid=87467.83
2025-12-25 18:48:40,721 | INFO | trader.binance_spot_bbo | BBO BTCUSDT bid=87467.83 ask=87467.84 mid=87467.83
2025-12-25 18:48:40,721 | INFO | trader.binance_spot_bbo | BBO BTCUSDT bid=87467.83 ask=87467.84 mid=87467.83
2025-12-25 18:48:40,722 | INFO | trader.binance_spot_bbo | BBO BTCUSDT bid=87467.83 ask=87467.84 mid=87467.83
2025-12-25 18:48:40,722 | INFO | trader.binance_spot_bbo | BBO BTCUSDT bid=87467.83 ask=87467.84 mid=87467.83
2025-12-25 18:48:40,723 | INFO | trader.binance_spot_bbo | BBO BTCUSDT bid=87467.83 ask=87467.84 mid=87467.83
2025-12-25 18:48:40,723 | INFO | trader.binance_spot_bbo | BBO BTCUSDT bid=87467.83 ask=87467.84 mid=87467.83
2025-12-25 18:48:40,723 | INFO | trader.binance_spot_bbo | BBO BTCUSDT bid=87467.83 ask=87467.84 mid=87467.83
2025-12-25 18:48:40,723 | INFO | trader.binance_spot_bbo | BBO BTCUSDT bid=87467.83 ask=87467.84 mid=87467.83
2025-12-25 18:48:40,724 | INFO | trader.binance_spot_bbo | BBO BTCUSDT bid=87467.83 ask=87467.84 mid=87467.83
2025-12-25 18:48:40,724 | INFO | trader.binance_spot_bbo | BBO BTCUSDT bid=87467.83 ask=87467.84 mid=87467.83
2025-12-25 18:48:40,766 | INFO | trader.binance_spot_bbo | BBO BTCUSDT bid=87468.01 ask=87468.74 mid=87468.38
2025-12-25 18:48:40,766 | INFO | trader.binance_spot_bbo | BBO BTCUSDT bid=87468.01 ask=87468.74 mid=87468.38
2025-12-25 18:48:40,767 | INFO | trader.binance_spot_bbo | BBO BTCUSDT bid=87468.01 ask=87468.74 mid=87468.38
2025-12-25 18:48:40,767 | INFO | trader.binance_spot_bbo | BBO BTCUSDT bid=87468.01 ask=87468.74 mid=87468.38
2025-12-25 18:48:40,767 | INFO | trader.binance_spot_bbo | BBO BTCUSDT bid=87468.01 ask=87468.74 mid=87468.38
2025-12-25 18:48:40,768 | INFO | trader.binance_spot_bbo | BBO BTCUSDT bid=87468.01 ask=87468.74 mid=87468.38
2025-12-25 18:48:40,768 | INFO | trader.binance_spot_bbo | BBO BTCUSDT bid=87468.79 ask=87469.07 mid=87468.93
2025-12-25 18:48:40,768 | INFO | trader.binance_spot_bbo | BBO BTCUSDT bid=87468.79 ask=87469.07 mid=87468.93
2025-12-25 18:48:40,769 | INFO | trader.binance_spot_bbo | BBO BTCUSDT bid=87468.79 ask=87469.07 mid=87468.93
2025-12-25 18:48:40,769 | INFO | trader.binance_spot_bbo | BBO BTCUSDT bid=87469.06 ask=87469.07 mid=87469.07
2025-12-25 18:48:40,770 | INFO | trader.binance_spot_bbo | BBO BTCUSDT bid=87469.06 ask=87469.07 mid=87469.07
2025-12-25 18:48:40,770 | INFO | trader.binance_spot_bbo | BBO BTCUSDT bid=87469.06 ask=87469.07 mid=87469.07
2025-12-25 18:48:40,770 | INFO | trader.binance_spot_bbo | BBO BTCUSDT bid=87469.06 ask=87469.07 mid=87469.07
2025-12-25 18:48:40,771 | INFO | trader.binance_spot_bbo | BBO BTCUSDT bid=87469.06 ask=87469.07 mid=87469.07
2025-12-25 18:48:40,772 | INFO | trader.binance_spot_bbo | BBO BTCUSDT bid=87469.06 ask=87469.07 mid=87469.07
2025-12-25 18:48:40,772 | INFO | trader.binance_spot_bbo | BBO BTCUSDT bid=87469.06 ask=87469.07 mid=87469.07
2025-12-25 18:48:40,774 | INFO | trader.binance_spot_bbo | BBO BTCUSDT bid=87469.06 ask=87469.07 mid=87469.07
2025-12-25 18:48:40,774 | INFO | trader.binance_spot_bbo | BBO BTCUSDT bid=87469.06 ask=87469.07 mid=87469.07
2025-12-25 18:48:40,774 | INFO | trader.binance_spot_bbo | BBO BTCUSDT bid=87469.06 ask=87469.07 mid=87469.07
2025-12-25 18:48:40,775 | INFO | trader.binance_spot_bbo | BBO BTCUSDT bid=87469.06 ask=87469.07 mid=87469.07
2025-12-25 18:48:40,775 | INFO | trader.binance_spot_bbo | BBO BTCUSDT bid=87469.06 ask=87469.07 mid=87469.07
2025-12-25 18:48:40,776 | INFO | trader.binance_spot_bbo | BBO BTCUSDT bid=87469.06 ask=87469.07 mid=87469.07
2025-12-25 18:48:40,777 | INFO | trader.binance_spot_bbo | BBO BTCUSDT bid=87469.06 ask=87469.07 mid=87469.07
2025-12-25 18:48:40,778 | INFO | trader.binance_spot_bbo | BBO BTCUSDT bid=87469.06 ask=87469.07 mid=87469.07
2025-12-25 18:48:40,781 | INFO | trader.binance_spot_bbo | BBO BTCUSDT bid=87469.06 ask=87469.53 mid=87469.29
2025-12-25 18:48:40,781 | INFO | trader.binance_spot_bbo | BBO BTCUSDT bid=87469.07 ask=87469.53 mid=87469.30
2025-12-25 18:48:40,782 | INFO | trader.binance_spot_bbo | BBO BTCUSDT bid=87469.07 ask=87469.53 mid=87469.30
2025-12-25 18:48:40,783 | INFO | trader.binance_spot_bbo | BBO BTCUSDT bid=87469.07 ask=87469.08 mid=87469.08
2025-12-25 18:48:40,787 | INFO | trader.binance_spot_bbo | BBO BTCUSDT bid=87469.07 ask=87469.08 mid=87469.08
2025-12-25 18:48:40,788 | INFO | trader.binance_spot_bbo | BBO BTCUSDT bid=87469.07 ask=87469.53 mid=87469.30
2025-12-25 18:48:40,792 | INFO | trader.binance_spot_bbo | BBO BTCUSDT bid=87469.07 ask=87469.53 mid=87469.30
2025-12-25 18:48:40,793 | INFO | trader.binance_spot_bbo | BBO BTCUSDT bid=87469.07 ask=87469.53 mid=87469.30
2025-12-25 18:48:40,794 | INFO | trader.binance_spot_bbo | BBO BTCUSDT bid=87469.07 ask=87469.08 mid=87469.08
2025-12-25 18:48:40,794 | INFO | trader.binance_spot_bbo | BBO BTCUSDT bid=87469.07 ask=87469.08 mid=87469.08
2025-12-25 18:48:40,795 | INFO | trader.binance_spot_bbo | BBO BTCUSDT bid=87469.07 ask=87469.08 mid=87469.08
2025-12-25 18:48:40,798 | INFO | trader.binance_spot_bbo | BBO BTCUSDT bid=87469.07 ask=87469.08 mid=87469.08
2025-12-25 18:48:40,809 | INFO | trader.binance_spot_bbo | BBO BTCUSDT bid=87469.07 ask=87469.08 mid=87469.08
2025-12-25 18:48:40,811 | INFO | trader.binance_spot_bbo | BBO BTCUSDT bid=87469.07 ask=87469.08 mid=87469.08
2025-12-25 18:48:40,812 | INFO | trader.binance_spot_bbo | BBO BTCUSDT bid=87469.07 ask=87472.03 mid=87470.55
2025-12-25 18:48:40,812 | INFO | trader.binance_spot_bbo | BBO BTCUSDT bid=87469.53 ask=87472.03 mid=87470.78
2025-12-25 18:48:40,812 | INFO | trader.binance_spot_bbo | BBO BTCUSDT bid=87469.75 ask=87472.03 mid=87470.89
2025-12-25 18:48:40,813 | INFO | trader.binance_spot_bbo | BBO BTCUSDT bid=87469.95 ask=87472.03 mid=87470.99
2025-12-25 18:48:40,813 | INFO | trader.binance_spot_bbo | BBO BTCUSDT bid=87472.02 ask=87472.03 mid=87472.02
2025-12-25 18:48:40,817 | INFO | trader.binance_spot_bbo | BBO BTCUSDT bid=87472.02 ask=87472.03 mid=87472.02
2025-12-25 18:48:40,823 | INFO | trader.binance_spot_bbo | BBO BTCUSDT bid=87472.02 ask=87472.03 mid=87472.02
2025-12-25 18:48:40,824 | INFO | trader.binance_spot_bbo | BBO BTCUSDT bid=87472.02 ask=87472.03 mid=87472.02
2025-12-25 18:48:40,824 | INFO | trader.binance_spot_bbo | BBO BTCUSDT bid=87472.02 ask=87472.03 mid=87472.02
2025-12-25 18:48:40,825 | INFO | trader.binance_spot_bbo | BBO BTCUSDT bid=87472.02 ask=87472.03 mid=87472.02
2025-12-25 18:48:40,829 | INFO | trader.binance_spot_bbo | BBO BTCUSDT bid=87472.02 ask=87472.03 mid=87472.02
2025-12-25 18:48:40,830 | INFO | trader.binance_spot_bbo | BBO BTCUSDT bid=87472.02 ask=87472.03 mid=87472.02
2025-12-25 18:48:40,830 | INFO | trader.binance_spot_bbo | BBO BTCUSDT bid=87472.02 ask=87472.03 mid=87472.02
2025-12-25 18:48:40,831 | INFO | trader.binance_spot_bbo | BBO BTCUSDT bid=87472.02 ask=87472.03 mid=87472.02
2025-12-25 18:48:40,831 | INFO | trader.binance_spot_bbo | BBO BTCUSDT bid=87472.02 ask=87472.03 mid=87472.02
2025-12-25 18:48:40,831 | INFO | trader.binance_spot_bbo | BBO BTCUSDT bid=87472.02 ask=87473.40 mid=87472.71
2025-12-25 18:48:40,835 | INFO | trader.binance_spot_bbo | BBO BTCUSDT bid=87472.03 ask=87473.40 mid=87472.71
2025-12-25 18:48:40,835 | INFO | trader.binance_spot_bbo | BBO BTCUSDT bid=87472.03 ask=87473.40 mid=87472.71
2025-12-25 18:48:40,835 | INFO | trader.binance_spot_bbo | BBO BTCUSDT bid=87472.03 ask=87473.40 mid=87472.71
2025-12-25 18:48:40,836 | INFO | trader.binance_spot_bbo | BBO BTCUSDT bid=87472.03 ask=87473.40 mid=87472.71
2025-12-25 18:48:40,836 | INFO | trader.binance_spot_bbo | BBO BTCUSDT bid=87473.39 ask=87473.40 mid=87473.39
2025-12-25 18:48:40,836 | INFO | trader.binance_spot_bbo | BBO BTCUSDT bid=87473.39 ask=87473.40 mid=87473.39
2025-12-25 18:48:40,836 | INFO | trader.binance_spot_bbo | BBO BTCUSDT bid=87473.39 ask=87473.40 mid=87473.39
2025-12-25 18:48:40,836 | INFO | trader.binance_spot_bbo | BBO BTCUSDT bid=87473.39 ask=87473.40 mid=87473.39
2025-12-25 18:48:40,837 | INFO | trader.binance_spot_bbo | BBO BTCUSDT bid=87473.39 ask=87473.40 mid=87473.39
2025-12-25 18:48:40,837 | INFO | trader.binance_spot_bbo | BBO BTCUSDT bid=87473.39 ask=87473.40 mid=87473.39
2025-12-25 18:48:40,837 | INFO | trader.binance_spot_bbo | BBO BTCUSDT bid=87473.39 ask=87473.40 mid=87473.39
2025-12-25 18:48:40,838 | INFO | trader.binance_spot_bbo | BBO BTCUSDT bid=87473.39 ask=87473.40 mid=87473.39
2025-12-25 18:48:40,838 | INFO | trader.binance_spot_bbo | BBO BTCUSDT bid=87473.39 ask=87473.40 mid=87473.39
2025-12-25 18:48:40,839 | INFO | trader.binance_spot_bbo | BBO BTCUSDT bid=87473.39 ask=87473.40 mid=87473.39
2025-12-25 18:48:40,840 | INFO | trader.binance_spot_bbo | BBO BTCUSDT bid=87473.39 ask=87473.40 mid=87473.39
2025-12-25 18:48:40,840 | INFO | trader.binance_spot_bbo | BBO BTCUSDT bid=87473.39 ask=87473.40 mid=87473.39
2025-12-25 18:48:40,840 | INFO | trader.binance_spot_bbo | BBO BTCUSDT bid=87473.39 ask=87473.40 mid=87473.39
2025-12-25 18:48:40,840 | INFO | trader.binance_spot_bbo | BBO BTCUSDT bid=87473.39 ask=87473.40 mid=87473.39
2025-12-25 18:48:40,841 | INFO | trader.binance_spot_bbo | BBO BTCUSDT bid=87473.39 ask=87473.40 mid=87473.39
2025-12-25 18:48:40,842 | INFO | trader.binance_spot_bbo | BBO BTCUSDT bid=87473.39 ask=87473.40 mid=87473.39
2025-12-25 18:48:40,842 | INFO | trader.binance_spot_bbo | BBO BTCUSDT bid=87473.39 ask=87473.40 mid=87473.39
2025-12-25 18:48:40,842 | INFO | trader.binance_spot_bbo | BBO BTCUSDT bid=87473.39 ask=87473.40 mid=87473.39
2025-12-25 18:48:40,843 | INFO | trader.binance_spot_bbo | BBO BTCUSDT bid=87473.39 ask=87473.40 mid=87473.39
2025-12-25 18:48:40,843 | INFO | trader.binance_spot_bbo | BBO BTCUSDT bid=87473.39 ask=87473.40 mid=87473.39
2025-12-25 18:48:40,843 | INFO | trader.binance_spot_bbo | BBO BTCUSDT bid=87473.39 ask=87473.40 mid=87473.39
2025-12-25 18:48:40,848 | INFO | trader.binance_spot_bbo | BBO BTCUSDT bid=87473.39 ask=87473.40 mid=87473.39
2025-12-25 18:48:40,851 | INFO | trader.binance_spot_bbo | BBO BTCUSDT bid=87473.39 ask=87473.40 mid=87473.39
2025-12-25 18:48:40,851 | INFO | trader.binance_spot_bbo | BBO BTCUSDT bid=87473.39 ask=87473.40 mid=87473.39
2025-12-25 18:48:40,852 | INFO | trader.binance_spot_bbo | BBO BTCUSDT bid=87473.39 ask=87473.40 mid=87473.39
2025-12-25 18:48:40,852 | INFO | trader.binance_spot_bbo | BBO BTCUSDT bid=87473.39 ask=87473.40 mid=87473.39
2025-12-25 18:48:40,853 | INFO | trader.binance_spot_bbo | BBO BTCUSDT bid=87473.39 ask=87473.40 mid=87473.39
2025-12-25 18:48:40,853 | INFO | trader.binance_spot_bbo | BBO BTCUSDT bid=87473.39 ask=87473.40 mid=87473.39
2025-12-25 18:48:40,854 | INFO | trader.binance_spot_bbo | BBO BTCUSDT bid=87473.39 ask=87473.40 mid=87473.39
2025-12-25 18:48:40,854 | INFO | trader.binance_spot_bbo | BBO BTCUSDT bid=87473.39 ask=87473.40 mid=87473.39
2025-12-25 18:48:40,854 | INFO | trader.binance_spot_bbo | BBO BTCUSDT bid=87473.39 ask=87473.40 mid=87473.39
2025-12-25 18:48:40,854 | INFO | trader.binance_spot_bbo | BBO BTCUSDT bid=87473.39 ask=87473.40 mid=87473.39
2025-12-25 18:48:40,856 | INFO | trader.binance_spot_bbo | BBO BTCUSDT bid=87473.39 ask=87473.40 mid=87473.39
2025-12-25 18:48:40,856 | INFO | trader.binance_spot_bbo | BBO BTCUSDT bid=87473.39 ask=87473.40 mid=87473.39
2025-12-25 18:48:40,858 | INFO | trader.binance_spot_bbo | BBO BTCUSDT bid=87473.39 ask=87473.40 mid=87473.39
2025-12-25 18:48:40,858 | INFO | trader.binance_spot_bbo | BBO BTCUSDT bid=87473.39 ask=87473.40 mid=87473.39
2025-12-25 18:48:40,859 | INFO | trader.binance_spot_bbo | BBO BTCUSDT bid=87473.39 ask=87473.40 mid=87473.39
2025-12-25 18:48:40,859 | INFO | trader.binance_spot_bbo | BBO BTCUSDT bid=87473.39 ask=87473.40 mid=87473.39
2025-12-25 18:48:40,860 | INFO | trader.binance_spot_bbo | BBO BTCUSDT bid=87473.39 ask=87473.40 mid=87473.39
2025-12-25 18:48:40,860 | INFO | trader.binance_spot_bbo | BBO BTCUSDT bid=87473.39 ask=87473.40 mid=87473.39
2025-12-25 18:48:40,861 | INFO | trader.binance_spot_bbo | BBO BTCUSDT bid=87473.39 ask=87473.40 mid=87473.39
2025-12-25 18:48:40,861 | INFO | trader.binance_spot_bbo | BBO BTCUSDT bid=87473.39 ask=87473.40 mid=87473.39
2025-12-25 18:48:40,862 | INFO | trader.binance_spot_bbo | BBO BTCUSDT bid=87473.39 ask=87473.40 mid=87473.39
2025-12-25 18:48:40,865 | INFO | trader.binance_spot_bbo | BBO BTCUSDT bid=87473.39 ask=87473.40 mid=87473.39
2025-12-25 18:48:40,871 | INFO | trader.binance_spot_bbo | BBO BTCUSDT bid=87473.39 ask=87473.40 mid=87473.39
2025-12-25 18:48:40,871 | INFO | trader.binance_spot_bbo | BBO BTCUSDT bid=87473.39 ask=87473.40 mid=87473.39
2025-12-25 18:48:40,872 | INFO | trader.binance_spot_bbo | BBO BTCUSDT bid=87473.39 ask=87473.40 mid=87473.39
2025-12-25 18:48:40,873 | INFO | trader.binance_spot_bbo | BBO BTCUSDT bid=87473.39 ask=87473.40 mid=87473.39
2025-12-25 18:48:40,876 | INFO | trader.binance_spot_bbo | BBO BTCUSDT bid=87473.39 ask=87473.40 mid=87473.39
2025-12-25 18:48:40,876 | INFO | trader.binance_spot_bbo | BBO BTCUSDT bid=87473.39 ask=87473.40 mid=87473.39
2025-12-25 18:48:40,876 | INFO | trader.binance_spot_bbo | BBO BTCUSDT bid=87473.39 ask=87473.40 mid=87473.39
2025-12-25 18:48:40,877 | INFO | trader.binance_spot_bbo | BBO BTCUSDT bid=87473.39 ask=87473.40 mid=87473.39
2025-12-25 18:48:40,877 | INFO | trader.binance_spot_bbo | BBO BTCUSDT bid=87473.39 ask=87473.40 mid=87473.39
2025-12-25 18:48:40,878 | INFO | trader.binance_spot_bbo | BBO BTCUSDT bid=87473.39 ask=87473.40 mid=87473.39
2025-12-25 18:48:40,878 | INFO | trader.binance_spot_bbo | BBO BTCUSDT bid=87473.39 ask=87473.40 mid=87473.39
2025-12-25 18:48:40,878 | INFO | trader.binance_spot_bbo | BBO BTCUSDT bid=87473.39 ask=87473.40 mid=87473.39
2025-12-25 18:48:40,879 | INFO | trader.binance_spot_bbo | BBO BTCUSDT bid=87473.39 ask=87473.40 mid=87473.39
2025-12-25 18:48:40,879 | INFO | trader.binance_spot_bbo | BBO BTCUSDT bid=87473.39 ask=87473.40 mid=87473.39
2025-12-25 18:48:40,880 | INFO | trader.binance_spot_bbo | BBO BTCUSDT bid=87473.39 ask=87473.40 mid=87473.39
2025-12-25 18:48:40,880 | INFO | trader.binance_spot_bbo | BBO BTCUSDT bid=87473.39 ask=87473.40 mid=87473.39
2025-12-25 18:48:40,881 | INFO | trader.binance_spot_bbo | BBO BTCUSDT bid=87473.39 ask=87473.40 mid=87473.39
2025-12-25 18:48:40,882 | INFO | trader.binance_spot_bbo | BBO BTCUSDT bid=87473.39 ask=87473.40 mid=87473.39
2025-12-25 18:48:40,882 | INFO | trader.binance_spot_bbo | BBO BTCUSDT bid=87473.39 ask=87473.40 mid=87473.39
2025-12-25 18:48:40,883 | INFO | trader.binance_spot_bbo | BBO BTCUSDT bid=87473.39 ask=87473.40 mid=87473.39
2025-12-25 18:48:40,883 | INFO | trader.binance_spot_bbo | BBO BTCUSDT bid=87473.39 ask=87473.40 mid=87473.39
2025-12-25 18:48:40,884 | INFO | trader.binance_spot_bbo | BBO BTCUSDT bid=87473.39 ask=87473.40 mid=87473.39
2025-12-25 18:48:40,885 | INFO | trader.binance_spot_bbo | BBO BTCUSDT bid=87473.39 ask=87473.40 mid=87473.39
2025-12-25 18:48:40,885 | INFO | trader.binance_spot_bbo | BBO BTCUSDT bid=87473.39 ask=87473.40 mid=87473.39
2025-12-25 18:48:40,885 | INFO | trader.binance_spot_bbo | BBO BTCUSDT bid=87473.39 ask=87473.40 mid=87473.39
2025-12-25 18:48:40,885 | INFO | trader.binance_spot_bbo | BBO BTCUSDT bid=87473.39 ask=87473.40 mid=87473.39
2025-12-25 18:48:40,886 | INFO | trader.binance_spot_bbo | BBO BTCUSDT bid=87473.39 ask=87473.40 mid=87473.39
2025-12-25 18:48:40,890 | INFO | trader.binance_spot_bbo | BBO BTCUSDT bid=87473.39 ask=87473.40 mid=87473.39
2025-12-25 18:48:40,891 | INFO | trader.binance_spot_bbo | BBO BTCUSDT bid=87473.39 ask=87473.40 mid=87473.39
2025-12-25 18:48:40,892 | INFO | trader.binance_spot_bbo | BBO BTCUSDT bid=87473.39 ask=87473.40 mid=87473.39
2025-12-25 18:48:40,892 | INFO | trader.binance_spot_bbo | BBO BTCUSDT bid=87473.39 ask=87473.40 mid=87473.39
2025-12-25 18:48:40,893 | INFO | trader.binance_spot_bbo | BBO BTCUSDT bid=87473.39 ask=87473.40 mid=87473.39
2025-12-25 18:48:40,894 | INFO | trader.binance_spot_bbo | BBO BTCUSDT bid=87473.39 ask=87473.40 mid=87473.39
2025-12-25 18:48:40,895 | INFO | trader.binance_spot_bbo | BBO BTCUSDT bid=87473.39 ask=87473.40 mid=87473.39
2025-12-25 18:48:40,895 | INFO | trader.binance_spot_bbo | BBO BTCUSDT bid=87473.39 ask=87473.40 mid=87473.39
2025-12-25 18:48:40,895 | INFO | trader.binance_spot_bbo | BBO BTCUSDT bid=87473.39 ask=87473.40 mid=87473.39
2025-12-25 18:48:40,896 | INFO | trader.binance_spot_bbo | BBO BTCUSDT bid=87473.39 ask=87473.40 mid=87473.39
2025-12-25 18:48:40,896 | INFO | trader.binance_spot_bbo | BBO BTCUSDT bid=87473.39 ask=87473.40 mid=87473.39
2025-12-25 18:48:40,897 | INFO | trader.binance_spot_bbo | BBO BTCUSDT bid=87473.39 ask=87473.40 mid=87473.39
2025-12-25 18:48:40,898 | INFO | trader.binance_spot_bbo | BBO BTCUSDT bid=87473.39 ask=87473.40 mid=87473.39
2025-12-25 18:48:40,898 | INFO | trader.binance_spot_bbo | BBO BTCUSDT bid=87473.39 ask=87473.41 mid=87473.40
2025-12-25 18:48:40,898 | INFO | trader.binance_spot_bbo | BBO BTCUSDT bid=87473.39 ask=87473.41 mid=87473.40
2025-12-25 18:48:40,898 | INFO | trader.binance_spot_bbo | BBO BTCUSDT bid=87473.40 ask=87473.41 mid=87473.40
2025-12-25 18:48:40,898 | INFO | trader.binance_spot_bbo | BBO BTCUSDT bid=87473.40 ask=87473.41 mid=87473.40
2025-12-25 18:48:40,899 | INFO | trader.binance_spot_bbo | BBO BTCUSDT bid=87473.40 ask=87473.41 mid=87473.40
2025-12-25 18:48:40,899 | INFO | trader.binance_spot_bbo | BBO BTCUSDT bid=87473.40 ask=87473.41 mid=87473.40
2025-12-25 18:48:40,899 | INFO | trader.binance_spot_bbo | BBO BTCUSDT bid=87473.40 ask=87473.41 mid=87473.40
2025-12-25 18:48:40,905 | INFO | trader.binance_spot_bbo | BBO BTCUSDT bid=87474.35 ask=87474.36 mid=87474.36
2025-12-25 18:48:40,906 | INFO | trader.binance_spot_bbo | BBO BTCUSDT bid=87474.35 ask=87474.36 mid=87474.36
2025-12-25 18:48:40,907 | INFO | trader.binance_spot_bbo | BBO BTCUSDT bid=87474.35 ask=87474.36 mid=87474.36
2025-12-25 18:48:40,908 | INFO | trader.binance_spot_bbo | BBO BTCUSDT bid=87474.35 ask=87474.36 mid=87474.36
2025-12-25 18:48:40,909 | INFO | trader.binance_spot_bbo | BBO BTCUSDT bid=87474.35 ask=87474.36 mid=87474.36
2025-12-25 18:48:40,910 | INFO | trader.binance_spot_bbo | BBO BTCUSDT bid=87474.35 ask=87474.36 mid=87474.36
2025-12-25 18:48:40,911 | INFO | trader.binance_spot_bbo | BBO BTCUSDT bid=87474.35 ask=87474.36 mid=87474.36
2025-12-25 18:48:40,914 | INFO | trader.binance_spot_bbo | BBO BTCUSDT bid=87474.35 ask=87474.36 mid=87474.36
2025-12-25 18:48:40,915 | INFO | trader.binance_spot_bbo | BBO BTCUSDT bid=87474.35 ask=87474.36 mid=87474.36
2025-12-25 18:48:40,916 | INFO | trader.binance_spot_bbo | BBO BTCUSDT bid=87474.35 ask=87474.36 mid=87474.36
2025-12-25 18:48:40,917 | INFO | trader.binance_spot_bbo | BBO BTCUSDT bid=87474.35 ask=87474.36 mid=87474.36
2025-12-25 18:48:40,918 | INFO | trader.binance_spot_bbo | BBO BTCUSDT bid=87474.35 ask=87474.36 mid=87474.36
2025-12-25 18:48:40,920 | INFO | trader.binance_spot_bbo | BBO BTCUSDT bid=87474.35 ask=87474.36 mid=87474.36
2025-12-25 18:48:40,921 | INFO | trader.binance_spot_bbo | BBO BTCUSDT bid=87474.35 ask=87474.36 mid=87474.36
2025-12-25 18:48:40,922 | INFO | trader.binance_spot_bbo | BBO BTCUSDT bid=87474.35 ask=87474.36 mid=87474.36
2025-12-25 18:48:40,923 | INFO | trader.binance_spot_bbo | BBO BTCUSDT bid=87474.35 ask=87474.36 mid=87474.36
2025-12-25 18:48:40,925 | INFO | trader.binance_spot_bbo | BBO BTCUSDT bid=87474.35 ask=87474.36 mid=87474.36
2025-12-25 18:48:40,926 | INFO | trader.binance_spot_bbo | BBO BTCUSDT bid=87474.35 ask=87474.36 mid=87474.36
2025-12-25 18:48:40,928 | INFO | trader.binance_spot_bbo | BBO BTCUSDT bid=87474.35 ask=87474.36 mid=87474.36
2025-12-25 18:48:40,932 | INFO | trader.binance_spot_bbo | BBO BTCUSDT bid=87474.35 ask=87474.36 mid=87474.36
2025-12-25 18:48:40,934 | INFO | trader.binance_spot_bbo | BBO BTCUSDT bid=87474.35 ask=87474.36 mid=87474.36
2025-12-25 18:48:40,937 | INFO | trader.binance_spot_bbo | BBO BTCUSDT bid=87474.35 ask=87474.36 mid=87474.36
2025-12-25 18:48:40,939 | INFO | trader.binance_spot_bbo | BBO BTCUSDT bid=87474.35 ask=87474.36 mid=87474.36
2025-12-25 18:48:40,941 | INFO | trader.binance_spot_bbo | BBO BTCUSDT bid=87474.35 ask=87474.36 mid=87474.36
2025-12-25 18:48:40,943 | INFO | trader.binance_spot_bbo | BBO BTCUSDT bid=87474.35 ask=87474.36 mid=87474.36
2025-12-25 18:48:40,944 | INFO | trader.binance_spot_bbo | BBO BTCUSDT bid=87474.35 ask=87474.36 mid=87474.36
2025-12-25 18:48:40,945 | INFO | trader.binance_spot_bbo | BBO BTCUSDT bid=87474.35 ask=87474.36 mid=87474.36
2025-12-25 18:48:40,946 | INFO | trader.binance_spot_bbo | BBO BTCUSDT bid=87474.35 ask=87474.36 mid=87474.36
2025-12-25 18:48:40,947 | INFO | trader.binance_spot_bbo | BBO BTCUSDT bid=87474.35 ask=87474.36 mid=87474.36
2025-12-25 18:48:40,950 | INFO | trader.binance_spot_bbo | BBO BTCUSDT bid=87474.35 ask=87474.36 mid=87474.36
2025-12-25 18:48:40,951 | INFO | trader.binance_spot_bbo | BBO BTCUSDT bid=87474.35 ask=87474.36 mid=87474.36
2025-12-25 18:48:40,952 | INFO | trader.binance_spot_bbo | BBO BTCUSDT bid=87474.35 ask=87474.36 mid=87474.36
2025-12-25 18:48:40,952 | INFO | trader.binance_spot_bbo | BBO BTCUSDT bid=87474.35 ask=87474.36 mid=87474.36
2025-12-25 18:48:40,952 | INFO | trader.binance_spot_bbo | BBO BTCUSDT bid=87474.35 ask=87478.16 mid=87476.26
2025-12-25 18:48:40,953 | INFO | trader.binance_spot_bbo | BBO BTCUSDT bid=87477.72 ask=87478.16 mid=87477.94
2025-12-25 18:48:40,953 | INFO | trader.binance_spot_bbo | BBO BTCUSDT bid=87477.72 ask=87478.16 mid=87477.94
2025-12-25 18:48:40,954 | INFO | trader.binance_spot_bbo | BBO BTCUSDT bid=87478.15 ask=87478.16 mid=87478.15
2025-12-25 18:48:40,954 | INFO | trader.binance_spot_bbo | BBO BTCUSDT bid=87478.15 ask=87478.16 mid=87478.15
2025-12-25 18:48:40,954 | INFO | trader.binance_spot_bbo | BBO BTCUSDT bid=87478.15 ask=87478.16 mid=87478.15
2025-12-25 18:48:40,954 | INFO | trader.binance_spot_bbo | BBO BTCUSDT bid=87478.15 ask=87478.16 mid=87478.15
2025-12-25 18:48:40,954 | INFO | trader.binance_spot_bbo | BBO BTCUSDT bid=87478.15 ask=87478.16 mid=87478.15
2025-12-25 18:48:40,955 | INFO | trader.binance_spot_bbo | BBO BTCUSDT bid=87478.15 ask=87478.16 mid=87478.15
2025-12-25 18:48:40,955 | INFO | trader.binance_spot_bbo | BBO BTCUSDT bid=87478.15 ask=87478.16 mid=87478.15
2025-12-25 18:48:40,955 | INFO | trader.binance_spot_bbo | BBO BTCUSDT bid=87478.15 ask=87478.16 mid=87478.15
2025-12-25 18:48:40,956 | INFO | trader.binance_spot_bbo | BBO BTCUSDT bid=87478.15 ask=87478.16 mid=87478.15
2025-12-25 18:48:40,956 | INFO | trader.binance_spot_bbo | BBO BTCUSDT bid=87478.15 ask=87478.16 mid=87478.15
2025-12-25 18:48:40,956 | INFO | trader.binance_spot_bbo | BBO BTCUSDT bid=87478.15 ask=87478.16 mid=87478.15
2025-12-25 18:48:40,957 | INFO | trader.binance_spot_bbo | BBO BTCUSDT bid=87478.15 ask=87478.16 mid=87478.15
2025-12-25 18:48:40,957 | INFO | trader.binance_spot_bbo | BBO BTCUSDT bid=87478.15 ask=87478.16 mid=87478.15
2025-12-25 18:48:40,957 | INFO | trader.binance_spot_bbo | BBO BTCUSDT bid=87478.15 ask=87478.16 mid=87478.15
2025-12-25 18:48:40,957 | INFO | trader.binance_spot_bbo | BBO BTCUSDT bid=87478.15 ask=87478.16 mid=87478.15
2025-12-25 18:48:40,958 | INFO | trader.binance_spot_bbo | BBO BTCUSDT bid=87478.15 ask=87478.16 mid=87478.15
2025-12-25 18:48:40,958 | INFO | trader.binance_spot_bbo | BBO BTCUSDT bid=87478.15 ask=87478.16 mid=87478.15
2025-12-25 18:48:40,958 | INFO | trader.binance_spot_bbo | BBO BTCUSDT bid=87478.15 ask=87478.16 mid=87478.15
2025-12-25 18:48:40,958 | INFO | trader.binance_spot_bbo | BBO BTCUSDT bid=87478.15 ask=87478.16 mid=87478.15
2025-12-25 18:48:40,958 | INFO | trader.binance_spot_bbo | BBO BTCUSDT bid=87478.15 ask=87478.16 mid=87478.15
2025-12-25 18:48:40,959 | INFO | trader.binance_spot_bbo | BBO BTCUSDT bid=87478.15 ask=87478.16 mid=87478.15
2025-12-25 18:48:40,959 | INFO | trader.binance_spot_bbo | BBO BTCUSDT bid=87478.15 ask=87478.16 mid=87478.15
2025-12-25 18:48:40,960 | INFO | trader.binance_spot_bbo | BBO BTCUSDT bid=87478.15 ask=87478.16 mid=87478.15
2025-12-25 18:48:40,960 | INFO | trader.binance_spot_bbo | BBO BTCUSDT bid=87478.15 ask=87478.16 mid=87478.15
2025-12-25 18:48:40,960 | INFO | trader.binance_spot_bbo | BBO BTCUSDT bid=87478.15 ask=87478.16 mid=87478.15
2025-12-25 18:48:40,960 | INFO | trader.binance_spot_bbo | BBO BTCUSDT bid=87478.15 ask=87478.16 mid=87478.15
2025-12-25 18:48:40,961 | INFO | trader.binance_spot_bbo | BBO BTCUSDT bid=87478.15 ask=87478.16 mid=87478.15
2025-12-25 18:48:40,961 | INFO | trader.binance_spot_bbo | BBO BTCUSDT bid=87478.15 ask=87478.16 mid=87478.15
2025-12-25 18:48:40,961 | INFO | trader.binance_spot_bbo | BBO BTCUSDT bid=87478.15 ask=87478.16 mid=87478.15
2025-12-25 18:48:40,962 | INFO | trader.binance_spot_bbo | BBO BTCUSDT bid=87478.15 ask=87478.16 mid=87478.15
2025-12-25 18:48:40,962 | INFO | trader.binance_spot_bbo | BBO BTCUSDT bid=87478.15 ask=87478.16 mid=87478.15
2025-12-25 18:48:40,962 | INFO | trader.binance_spot_bbo | BBO BTCUSDT bid=87478.15 ask=87478.16 mid=87478.15
2025-12-25 18:48:40,962 | INFO | trader.binance_spot_bbo | BBO BTCUSDT bid=87478.15 ask=87478.16 mid=87478.15
2025-12-25 18:48:40,963 | INFO | trader.binance_spot_bbo | BBO BTCUSDT bid=87478.15 ask=87478.16 mid=87478.15
2025-12-25 18:48:40,963 | INFO | trader.binance_spot_bbo | BBO BTCUSDT bid=87478.15 ask=87478.16 mid=87478.15
2025-12-25 18:48:40,963 | INFO | trader.binance_spot_bbo | BBO BTCUSDT bid=87478.15 ask=87478.16 mid=87478.15
2025-12-25 18:48:40,963 | INFO | trader.binance_spot_bbo | BBO BTCUSDT bid=87478.15 ask=87478.16 mid=87478.15
2025-12-25 18:48:40,963 | INFO | trader.binance_spot_bbo | BBO BTCUSDT bid=87478.15 ask=87478.16 mid=87478.15
2025-12-25 18:48:40,963 | INFO | trader.binance_spot_bbo | BBO BTCUSDT bid=87478.15 ask=87478.16 mid=87478.15
2025-12-25 18:48:40,963 | INFO | trader.binance_spot_bbo | BBO BTCUSDT bid=87478.15 ask=87478.16 mid=87478.15
2025-12-25 18:48:40,964 | INFO | trader.binance_spot_bbo | BBO BTCUSDT bid=87478.15 ask=87478.16 mid=87478.15
2025-12-25 18:48:40,964 | INFO | trader.binance_spot_bbo | BBO BTCUSDT bid=87478.15 ask=87478.16 mid=87478.15
2025-12-25 18:48:40,964 | INFO | trader.binance_spot_bbo | BBO BTCUSDT bid=87478.15 ask=87478.16 mid=87478.15
2025-12-25 18:48:40,964 | INFO | trader.binance_spot_bbo | BBO BTCUSDT bid=87478.15 ask=87478.16 mid=87478.15
2025-12-25 18:48:40,964 | INFO | trader.binance_spot_bbo | BBO BTCUSDT bid=87478.15 ask=87478.16 mid=87478.15
2025-12-25 18:48:40,964 | INFO | trader.binance_spot_bbo | BBO BTCUSDT bid=87478.15 ask=87478.16 mid=87478.15
2025-12-25 18:48:40,965 | INFO | trader.binance_spot_bbo | BBO BTCUSDT bid=87478.15 ask=87478.16 mid=87478.15
2025-12-25 18:48:40,965 | INFO | trader.binance_spot_bbo | BBO BTCUSDT bid=87478.15 ask=87478.16 mid=87478.15
2025-12-25 18:48:40,969 | INFO | trader.binance_spot_bbo | BBO BTCUSDT bid=87478.15 ask=87478.16 mid=87478.15
2025-12-25 18:48:40,970 | INFO | trader.binance_spot_bbo | BBO BTCUSDT bid=87478.15 ask=87478.16 mid=87478.15
2025-12-25 18:48:40,971 | INFO | trader.binance_spot_bbo | BBO BTCUSDT bid=87478.15 ask=87478.16 mid=87478.15
2025-12-25 18:48:40,972 | INFO | trader.binance_spot_bbo | BBO BTCUSDT bid=87478.15 ask=87478.16 mid=87478.15
2025-12-25 18:48:40,974 | INFO | trader.binance_spot_bbo | BBO BTCUSDT bid=87478.15 ask=87478.16 mid=87478.15
2025-12-25 18:48:40,974 | INFO | trader.binance_spot_bbo | BBO BTCUSDT bid=87478.15 ask=87478.16 mid=87478.15
2025-12-25 18:48:40,975 | INFO | trader.binance_spot_bbo | BBO BTCUSDT bid=87478.15 ask=87478.16 mid=87478.15
2025-12-25 18:48:40,975 | INFO | trader.binance_spot_bbo | BBO BTCUSDT bid=87478.15 ask=87478.16 mid=87478.15
2025-12-25 18:48:40,976 | INFO | trader.binance_spot_bbo | BBO BTCUSDT bid=87478.15 ask=87478.16 mid=87478.15
2025-12-25 18:48:40,976 | INFO | trader.binance_spot_bbo | BBO BTCUSDT bid=87478.15 ask=87478.16 mid=87478.15
2025-12-25 18:48:40,976 | INFO | trader.binance_spot_bbo | BBO BTCUSDT bid=87478.15 ask=87478.16 mid=87478.15
2025-12-25 18:48:40,976 | INFO | trader.binance_spot_bbo | BBO BTCUSDT bid=87478.15 ask=87478.16 mid=87478.15
2025-12-25 18:48:40,977 | INFO | trader.binance_spot_bbo | BBO BTCUSDT bid=87478.15 ask=87478.16 mid=87478.15
2025-12-25 18:48:40,977 | INFO | trader.binance_spot_bbo | BBO BTCUSDT bid=87478.15 ask=87478.16 mid=87478.15
2025-12-25 18:48:40,977 | INFO | trader.binance_spot_bbo | BBO BTCUSDT bid=87478.15 ask=87478.16 mid=87478.15
2025-12-25 18:48:40,977 | INFO | trader.binance_spot_bbo | BBO BTCUSDT bid=87478.15 ask=87478.16 mid=87478.15
2025-12-25 18:48:40,978 | INFO | trader.binance_spot_bbo | BBO BTCUSDT bid=87478.15 ask=87478.16 mid=87478.15
2025-12-25 18:48:40,978 | INFO | trader.binance_spot_bbo | BBO BTCUSDT bid=87478.15 ask=87478.16 mid=87478.15
2025-12-25 18:48:40,978 | INFO | trader.binance_spot_bbo | BBO BTCUSDT bid=87478.15 ask=87478.16 mid=87478.15
2025-12-25 18:48:40,979 | INFO | trader.binance_spot_bbo | BBO BTCUSDT bid=87478.15 ask=87478.16 mid=87478.15
2025-12-25 18:48:40,979 | INFO | trader.binance_spot_bbo | BBO BTCUSDT bid=87478.15 ask=87478.16 mid=87478.15
2025-12-25 18:48:40,979 | INFO | trader.binance_spot_bbo | BBO BTCUSDT bid=87478.15 ask=87478.16 mid=87478.15
2025-12-25 18:48:40,979 | INFO | trader.binance_spot_bbo | BBO BTCUSDT bid=87478.15 ask=87478.16 mid=87478.15
2025-12-25 18:48:40,980 | INFO | trader.binance_spot_bbo | BBO BTCUSDT bid=87478.15 ask=87478.16 mid=87478.15
2025-12-25 18:48:40,980 | INFO | trader.binance_spot_bbo | BBO BTCUSDT bid=87478.15 ask=87478.16 mid=87478.15
2025-12-25 18:48:40,980 | INFO | trader.binance_spot_bbo | BBO BTCUSDT bid=87478.15 ask=87478.16 mid=87478.15
2025-12-25 18:48:40,980 | INFO | trader.binance_spot_bbo | BBO BTCUSDT bid=87478.15 ask=87478.16 mid=87478.15
2025-12-25 18:48:40,980 | INFO | trader.binance_spot_bbo | BBO BTCUSDT bid=87478.15 ask=87478.16 mid=87478.15
2025-12-25 18:48:40,980 | INFO | trader.binance_spot_bbo | BBO BTCUSDT bid=87478.15 ask=87478.16 mid=87478.15
2025-12-25 18:48:40,981 | INFO | trader.binance_spot_bbo | BBO BTCUSDT bid=87478.15 ask=87478.16 mid=87478.15
2025-12-25 18:48:40,981 | INFO | trader.binance_spot_bbo | BBO BTCUSDT bid=87478.15 ask=87478.16 mid=87478.15
2025-12-25 18:48:40,981 | INFO | trader.binance_spot_bbo | BBO BTCUSDT bid=87478.15 ask=87478.16 mid=87478.15
2025-12-25 18:48:40,981 | INFO | trader.binance_spot_bbo | BBO BTCUSDT bid=87478.15 ask=87478.16 mid=87478.15
2025-12-25 18:48:40,981 | INFO | trader.binance_spot_bbo | BBO BTCUSDT bid=87478.15 ask=87478.16 mid=87478.15
2025-12-25 18:48:40,981 | INFO | trader.binance_spot_bbo | BBO BTCUSDT bid=87478.15 ask=87478.16 mid=87478.15
2025-12-25 18:48:40,982 | INFO | trader.binance_spot_bbo | BBO BTCUSDT bid=87478.15 ask=87478.16 mid=87478.15
2025-12-25 18:48:40,982 | INFO | trader.binance_spot_bbo | BBO BTCUSDT bid=87478.15 ask=87478.16 mid=87478.15
2025-12-25 18:48:40,982 | INFO | trader.binance_spot_bbo | BBO BTCUSDT bid=87478.15 ask=87478.16 mid=87478.15
2025-12-25 18:48:40,982 | INFO | trader.binance_spot_bbo | BBO BTCUSDT bid=87478.15 ask=87478.16 mid=87478.15
2025-12-25 18:48:40,982 | INFO | trader.binance_spot_bbo | BBO BTCUSDT bid=87478.15 ask=87478.16 mid=87478.15
2025-12-25 18:48:40,983 | INFO | trader.binance_spot_bbo | BBO BTCUSDT bid=87478.15 ask=87478.16 mid=87478.15
2025-12-25 18:48:40,983 | INFO | trader.binance_spot_bbo | BBO BTCUSDT bid=87478.15 ask=87478.16 mid=87478.15
2025-12-25 18:48:40,983 | INFO | trader.binance_spot_bbo | BBO BTCUSDT bid=87478.15 ask=87478.16 mid=87478.15
2025-12-25 18:48:40,983 | INFO | trader.binance_spot_bbo | BBO BTCUSDT bid=87478.15 ask=87478.16 mid=87478.15
2025-12-25 18:48:40,983 | INFO | trader.binance_spot_bbo | BBO BTCUSDT bid=87478.15 ask=87478.16 mid=87478.15
2025-12-25 18:48:40,983 | INFO | trader.binance_spot_bbo | BBO BTCUSDT bid=87478.15 ask=87478.16 mid=87478.15
2025-12-25 18:48:40,984 | INFO | trader.binance_spot_bbo | BBO BTCUSDT bid=87478.15 ask=87478.16 mid=87478.15
2025-12-25 18:48:40,985 | INFO | trader.binance_spot_bbo | BBO BTCUSDT bid=87478.15 ask=87478.16 mid=87478.15
2025-12-25 18:48:40,986 | INFO | trader.binance_spot_bbo | BBO BTCUSDT bid=87478.15 ask=87478.16 mid=87478.15
2025-12-25 18:48:40,986 | INFO | trader.binance_spot_bbo | BBO BTCUSDT bid=87478.15 ask=87478.16 mid=87478.15
2025-12-25 18:48:40,986 | INFO | trader.binance_spot_bbo | BBO BTCUSDT bid=87478.15 ask=87478.16 mid=87478.15
2025-12-25 18:48:40,986 | INFO | trader.binance_spot_bbo | BBO BTCUSDT bid=87478.15 ask=87478.16 mid=87478.15
2025-12-25 18:48:40,986 | INFO | trader.binance_spot_bbo | BBO BTCUSDT bid=87478.15 ask=87478.16 mid=87478.15
2025-12-25 18:48:40,987 | INFO | trader.binance_spot_bbo | BBO BTCUSDT bid=87478.15 ask=87478.16 mid=87478.15
2025-12-25 18:48:40,987 | INFO | trader.binance_spot_bbo | BBO BTCUSDT bid=87478.15 ask=87478.16 mid=87478.15
2025-12-25 18:48:40,987 | INFO | trader.binance_spot_bbo | BBO BTCUSDT bid=87478.15 ask=87478.16 mid=87478.15
2025-12-25 18:48:40,987 | INFO | trader.binance_spot_bbo | BBO BTCUSDT bid=87478.15 ask=87478.16 mid=87478.15
2025-12-25 18:48:40,988 | INFO | trader.binance_spot_bbo | BBO BTCUSDT bid=87478.15 ask=87478.16 mid=87478.15
2025-12-25 18:48:40,988 | INFO | trader.binance_spot_bbo | BBO BTCUSDT bid=87478.15 ask=87478.16 mid=87478.15
2025-12-25 18:48:40,988 | INFO | trader.binance_spot_bbo | BBO BTCUSDT bid=87478.15 ask=87478.16 mid=87478.15
2025-12-25 18:48:40,988 | INFO | trader.binance_spot_bbo | BBO BTCUSDT bid=87478.15 ask=87478.16 mid=87478.15
2025-12-25 18:48:40,988 | INFO | trader.binance_spot_bbo | BBO BTCUSDT bid=87478.15 ask=87478.16 mid=87478.15
2025-12-25 18:48:40,988 | INFO | trader.binance_spot_bbo | BBO BTCUSDT bid=87478.15 ask=87478.16 mid=87478.15
2025-12-25 18:48:40,989 | INFO | trader.binance_spot_bbo | BBO BTCUSDT bid=87478.15 ask=87478.16 mid=87478.15
2025-12-25 18:48:40,989 | INFO | trader.binance_spot_bbo | BBO BTCUSDT bid=87478.15 ask=87478.16 mid=87478.15
2025-12-25 18:48:40,989 | INFO | trader.binance_spot_bbo | BBO BTCUSDT bid=87478.15 ask=87478.16 mid=87478.15
2025-12-25 18:48:40,989 | INFO | trader.binance_spot_bbo | BBO BTCUSDT bid=87478.15 ask=87478.16 mid=87478.15
2025-12-25 18:48:40,990 | INFO | trader.binance_spot_bbo | BBO BTCUSDT bid=87478.15 ask=87478.16 mid=87478.15
2025-12-25 18:48:40,990 | INFO | trader.binance_spot_bbo | BBO BTCUSDT bid=87478.15 ask=87478.16 mid=87478.15
2025-12-25 18:48:40,990 | INFO | trader.binance_spot_bbo | BBO BTCUSDT bid=87478.15 ask=87478.16 mid=87478.15
2025-12-25 18:48:40,990 | INFO | trader.binance_spot_bbo | BBO BTCUSDT bid=87478.15 ask=87478.16 mid=87478.15
2025-12-25 18:48:40,991 | INFO | trader.binance_spot_bbo | BBO BTCUSDT bid=87478.15 ask=87478.16 mid=87478.15
2025-12-25 18:48:40,991 | INFO | trader.binance_spot_bbo | BBO BTCUSDT bid=87478.15 ask=87478.16 mid=87478.15
2025-12-25 18:48:40,991 | INFO | trader.binance_spot_bbo | BBO BTCUSDT bid=87478.15 ask=87478.16 mid=87478.15
2025-12-25 18:48:40,991 | INFO | trader.binance_spot_bbo | BBO BTCUSDT bid=87478.15 ask=87478.16 mid=87478.15
2025-12-25 18:48:40,991 | INFO | trader.binance_spot_bbo | BBO BTCUSDT bid=87478.15 ask=87478.16 mid=87478.15
2025-12-25 18:48:40,992 | INFO | trader.binance_spot_bbo | BBO BTCUSDT bid=87478.15 ask=87478.16 mid=87478.15
2025-12-25 18:48:40,992 | INFO | trader.binance_spot_bbo | BBO BTCUSDT bid=87478.15 ask=87478.16 mid=87478.15
2025-12-25 18:48:40,992 | INFO | trader.binance_spot_bbo | BBO BTCUSDT bid=87478.15 ask=87478.16 mid=87478.15
2025-12-25 18:48:40,992 | INFO | trader.binance_spot_bbo | BBO BTCUSDT bid=87478.15 ask=87478.16 mid=87478.15
2025-12-25 18:48:40,992 | INFO | trader.binance_spot_bbo | BBO BTCUSDT bid=87478.15 ask=87478.16 mid=87478.15
2025-12-25 18:48:40,993 | INFO | trader.binance_spot_bbo | BBO BTCUSDT bid=87478.15 ask=87478.16 mid=87478.15
2025-12-25 18:48:40,993 | INFO | trader.binance_spot_bbo | BBO BTCUSDT bid=87478.15 ask=87478.16 mid=87478.15
2025-12-25 18:48:40,993 | INFO | trader.binance_spot_bbo | BBO BTCUSDT bid=87478.15 ask=87478.16 mid=87478.15
2025-12-25 18:48:40,993 | INFO | trader.binance_spot_bbo | BBO BTCUSDT bid=87478.15 ask=87478.16 mid=87478.15
2025-12-25 18:48:40,993 | INFO | trader.binance_spot_bbo | BBO BTCUSDT bid=87478.15 ask=87478.16 mid=87478.15
2025-12-25 18:48:40,993 | INFO | trader.binance_spot_bbo | BBO BTCUSDT bid=87478.15 ask=87478.16 mid=87478.15
2025-12-25 18:48:40,994 | INFO | trader.binance_spot_bbo | BBO BTCUSDT bid=87478.15 ask=87478.16 mid=87478.15
2025-12-25 18:48:40,994 | INFO | trader.binance_spot_bbo | BBO BTCUSDT bid=87478.15 ask=87478.16 mid=87478.15
2025-12-25 18:48:40,994 | INFO | trader.binance_spot_bbo | BBO BTCUSDT bid=87478.15 ask=87478.16 mid=87478.15
2025-12-25 18:48:40,994 | INFO | trader.binance_spot_bbo | BBO BTCUSDT bid=87478.15 ask=87478.16 mid=87478.15
2025-12-25 18:48:40,994 | INFO | trader.binance_spot_bbo | BBO BTCUSDT bid=87478.15 ask=87478.16 mid=87478.15
2025-12-25 18:48:40,994 | INFO | trader.binance_spot_bbo | BBO BTCUSDT bid=87478.15 ask=87478.16 mid=87478.15
2025-12-25 18:48:40,994 | INFO | trader.binance_spot_bbo | BBO BTCUSDT bid=87478.15 ask=87478.16 mid=87478.15
2025-12-25 18:48:40,995 | INFO | trader.binance_spot_bbo | BBO BTCUSDT bid=87478.15 ask=87478.16 mid=87478.15
2025-12-25 18:48:40,995 | INFO | trader.binance_spot_bbo | BBO BTCUSDT bid=87478.15 ask=87478.16 mid=87478.15
2025-12-25 18:48:40,995 | INFO | trader.binance_spot_bbo | BBO BTCUSDT bid=87478.15 ask=87478.16 mid=87478.15
2025-12-25 18:48:40,995 | INFO | trader.binance_spot_bbo | BBO BTCUSDT bid=87478.15 ask=87478.16 mid=87478.15
2025-12-25 18:48:40,996 | INFO | trader.binance_spot_bbo | BBO BTCUSDT bid=87478.15 ask=87478.16 mid=87478.15
2025-12-25 18:48:40,996 | INFO | trader.binance_spot_bbo | BBO BTCUSDT bid=87478.15 ask=87478.16 mid=87478.15
2025-12-25 18:48:40,996 | INFO | trader.binance_spot_bbo | BBO BTCUSDT bid=87478.15 ask=87478.16 mid=87478.15
2025-12-25 18:48:40,997 | INFO | trader.binance_spot_bbo | BBO BTCUSDT bid=87478.15 ask=87478.16 mid=87478.15
2025-12-25 18:48:40,997 | INFO | trader.binance_spot_bbo | BBO BTCUSDT bid=87478.15 ask=87478.16 mid=87478.15
2025-12-25 18:48:40,997 | INFO | trader.binance_spot_bbo | BBO BTCUSDT bid=87478.15 ask=87478.16 mid=87478.15
2025-12-25 18:48:40,997 | INFO | trader.binance_spot_bbo | BBO BTCUSDT bid=87478.15 ask=87478.16 mid=87478.15
2025-12-25 18:48:40,997 | INFO | trader.binance_spot_bbo | BBO BTCUSDT bid=87478.15 ask=87478.16 mid=87478.15
2025-12-25 18:48:40,997 | INFO | trader.binance_spot_bbo | BBO BTCUSDT bid=87478.15 ask=87478.16 mid=87478.15
2025-12-25 18:48:40,998 | INFO | trader.binance_spot_bbo | BBO BTCUSDT bid=87478.15 ask=87478.16 mid=87478.15
2025-12-25 18:48:40,998 | INFO | trader.binance_spot_bbo | BBO BTCUSDT bid=87478.15 ask=87478.16 mid=87478.15
2025-12-25 18:48:40,998 | INFO | trader.binance_spot_bbo | BBO BTCUSDT bid=87478.15 ask=87478.16 mid=87478.15
2025-12-25 18:48:40,998 | INFO | trader.binance_spot_bbo | BBO BTCUSDT bid=87478.15 ask=87478.16 mid=87478.15
2025-12-25 18:48:40,998 | INFO | trader.binance_spot_bbo | BBO BTCUSDT bid=87478.15 ask=87478.16 mid=87478.15
2025-12-25 18:48:40,998 | INFO | trader.binance_spot_bbo | BBO BTCUSDT bid=87478.15 ask=87478.16 mid=87478.15
2025-12-25 18:48:40,999 | INFO | trader.binance_spot_bbo | BBO BTCUSDT bid=87478.15 ask=87478.16 mid=87478.15
2025-12-25 18:48:40,999 | INFO | trader.binance_spot_bbo | BBO BTCUSDT bid=87478.15 ask=87478.16 mid=87478.15
2025-12-25 18:48:40,999 | INFO | trader.binance_spot_bbo | BBO BTCUSDT bid=87478.15 ask=87478.16 mid=87478.15
2025-12-25 18:48:40,999 | INFO | trader.binance_spot_bbo | BBO BTCUSDT bid=87478.15 ask=87478.16 mid=87478.15
2025-12-25 18:48:40,999 | INFO | trader.binance_spot_bbo | BBO BTCUSDT bid=87478.15 ask=87478.16 mid=87478.15
2025-12-25 18:48:40,999 | INFO | trader.binance_spot_bbo | BBO BTCUSDT bid=87478.15 ask=87478.16 mid=87478.15
2025-12-25 18:48:40,999 | INFO | trader.binance_spot_bbo | BBO BTCUSDT bid=87478.15 ask=87478.16 mid=87478.15
2025-12-25 18:48:40,999 | INFO | trader.binance_spot_bbo | BBO BTCUSDT bid=87478.15 ask=87478.16 mid=87478.15
2025-12-25 18:48:50,129 | INFO | trader.binance_spot_bbo | BBO BTCUSDT bid=87492.65 ask=87492.66 mid=87492.65
2025-12-25 18:48:50,162 | INFO | trader.binance_spot_bbo | BBO BTCUSDT bid=87492.65 ask=87492.66 mid=87492.65
2025-12-25 18:48:50,245 | INFO | trader.binance_spot_bbo | BBO BTCUSDT bid=87492.65 ask=87492.66 mid=87492.65
2025-12-25 18:48:50,257 | INFO | trader.binance_spot_bbo | BBO BTCUSDT bid=87492.65 ask=87492.66 mid=87492.65
2025-12-25 18:48:50,261 | INFO | trader.binance_spot_bbo | BBO BTCUSDT bid=87492.65 ask=87492.66 mid=87492.65
2025-12-25 18:48:50,262 | INFO | trader.binance_spot_bbo | BBO BTCUSDT bid=87492.65 ask=87492.66 mid=87492.65
2025-12-25 18:48:50,263 | INFO | trader.binance_spot_bbo | BBO BTCUSDT bid=87492.65 ask=87492.66 mid=87492.65
2025-12-25 18:48:50,264 | INFO | trader.binance_spot_bbo | BBO BTCUSDT bid=87492.65 ask=87492.66 mid=87492.65
2025-12-25 18:48:50,265 | INFO | trader.binance_spot_bbo | BBO BTCUSDT bid=87492.65 ask=87492.66 mid=87492.65
2025-12-25 18:48:50,265 | INFO | trader.binance_spot_bbo | BBO BTCUSDT bid=87492.65 ask=87492.66 mid=87492.65
2025-12-25 18:48:50,266 | INFO | trader.binance_spot_bbo | BBO BTCUSDT bid=87492.65 ask=87492.66 mid=87492.65
2025-12-25 18:48:50,266 | INFO | trader.binance_spot_bbo | BBO BTCUSDT bid=87492.65 ask=87492.66 mid=87492.65
2025-12-25 18:48:50,271 | INFO | trader.binance_spot_bbo | BBO BTCUSDT bid=87492.65 ask=87492.66 mid=87492.65
2025-12-25 18:48:50,272 | INFO | trader.binance_spot_bbo | BBO BTCUSDT bid=87492.65 ask=87492.66 mid=87492.65
2025-12-25 18:48:50,278 | INFO | trader.binance_spot_bbo | BBO BTCUSDT bid=87492.65 ask=87492.66 mid=87492.65
2025-12-25 18:48:50,306 | INFO | trader.binance_spot_bbo | BBO BTCUSDT bid=87492.65 ask=87492.66 mid=87492.65
2025-12-25 18:48:50,309 | INFO | trader.binance_spot_bbo | BBO BTCUSDT bid=87492.65 ask=87492.66 mid=87492.65
2025-12-25 18:48:50,325 | INFO | trader.binance_spot_bbo | BBO BTCUSDT bid=87492.65 ask=87492.66 mid=87492.65
2025-12-25 18:48:50,353 | INFO | trader.binance_spot_bbo | BBO BTCUSDT bid=87492.65 ask=87492.66 mid=87492.65
2025-12-25 18:48:50,424 | INFO | trader.binance_spot_bbo | BBO BTCUSDT bid=87492.65 ask=87492.66 mid=87492.65
2025-12-25 18:48:50,425 | INFO | trader.binance_spot_bbo | BBO BTCUSDT bid=87492.65 ask=87492.66 mid=87492.65
2025-12-25 18:48:50,533 | INFO | trader.binance_spot_bbo | BBO BTCUSDT bid=87492.65 ask=87492.66 mid=87492.65
2025-12-25 18:48:50,534 | INFO | trader.binance_spot_bbo | BBO BTCUSDT bid=87492.65 ask=87492.66 mid=87492.65
2025-12-25 18:48:50,536 | INFO | trader.binance_spot_bbo | BBO BTCUSDT bid=87492.65 ask=87492.66 mid=87492.65
2025-12-25 18:48:50,544 | INFO | trader.binance_spot_bbo | BBO BTCUSDT bid=87492.65 ask=87492.66 mid=87492.65
2025-12-25 18:48:50,786 | INFO | trader.binance_spot_bbo | BBO BTCUSDT bid=87492.65 ask=87492.66 mid=87492.65
2025-12-25 18:48:50,927 | INFO | trader.binance_spot_bbo | BBO BTCUSDT bid=87492.65 ask=87492.66 mid=87492.65
2025-12-25 18:48:50,951 | INFO | trader.binance_spot_bbo | BBO BTCUSDT bid=87492.65 ask=87492.66 mid=87492.65
2025-12-25 18:49:00,007 | INFO | trader.binance_spot_bbo | BBO BTCUSDT bid=87483.42 ask=87483.43 mid=87483.42
2025-12-25 18:49:00,008 | INFO | trader.binance_spot_bbo | BBO BTCUSDT bid=87483.42 ask=87483.43 mid=87483.42
2025-12-25 18:49:00,008 | INFO | trader.binance_spot_bbo | BBO BTCUSDT bid=87483.42 ask=87483.43 mid=87483.42
2025-12-25 18:49:00,008 | INFO | trader.binance_spot_bbo | BBO BTCUSDT bid=87483.42 ask=87483.43 mid=87483.42
2025-12-25 18:49:00,009 | INFO | trader.binance_spot_bbo | BBO BTCUSDT bid=87483.42 ask=87483.43 mid=87483.42
2025-12-25 18:49:00,009 | INFO | trader.binance_spot_bbo | BBO BTCUSDT bid=87483.42 ask=87483.43 mid=87483.42
2025-12-25 18:49:00,009 | INFO | trader.binance_spot_bbo | BBO BTCUSDT bid=87483.42 ask=87483.43 mid=87483.42
2025-12-25 18:49:00,009 | INFO | trader.binance_spot_bbo | BBO BTCUSDT bid=87483.42 ask=87483.43 mid=87483.42
2025-12-25 18:49:00,022 | INFO | trader.binance_spot_bbo | BBO BTCUSDT bid=87483.42 ask=87483.43 mid=87483.42
2025-12-25 18:49:00,023 | INFO | trader.binance_spot_bbo | BBO BTCUSDT bid=87483.42 ask=87483.43 mid=87483.42
2025-12-25 18:49:00,023 | INFO | trader.binance_spot_bbo | BBO BTCUSDT bid=87483.42 ask=87483.43 mid=87483.42
2025-12-25 18:49:00,024 | INFO | trader.binance_spot_bbo | BBO BTCUSDT bid=87483.42 ask=87483.43 mid=87483.42
2025-12-25 18:49:00,024 | INFO | trader.binance_spot_bbo | BBO BTCUSDT bid=87483.42 ask=87483.43 mid=87483.42
2025-12-25 18:49:00,025 | INFO | trader.binance_spot_bbo | BBO BTCUSDT bid=87483.42 ask=87483.43 mid=87483.42
2025-12-25 18:49:00,025 | INFO | trader.binance_spot_bbo | BBO BTCUSDT bid=87483.42 ask=87483.43 mid=87483.42
2025-12-25 18:49:00,031 | INFO | trader.binance_spot_bbo | BBO BTCUSDT bid=87483.42 ask=87483.43 mid=87483.42
2025-12-25 18:49:00,032 | INFO | trader.binance_spot_bbo | BBO BTCUSDT bid=87483.42 ask=87483.43 mid=87483.42
2025-12-25 18:49:00,033 | INFO | trader.binance_spot_bbo | BBO BTCUSDT bid=87483.42 ask=87483.43 mid=87483.42
2025-12-25 18:49:00,038 | INFO | trader.binance_spot_bbo | BBO BTCUSDT bid=87483.42 ask=87483.43 mid=87483.42
2025-12-25 18:49:00,043 | INFO | trader.binance_spot_bbo | BBO BTCUSDT bid=87483.42 ask=87483.43 mid=87483.42
2025-12-25 18:49:00,043 | INFO | trader.binance_spot_bbo | BBO BTCUSDT bid=87483.42 ask=87483.43 mid=87483.42
2025-12-25 18:49:00,044 | INFO | trader.binance_spot_bbo | BBO BTCUSDT bid=87483.42 ask=87483.43 mid=87483.42
2025-12-25 18:49:00,044 | INFO | trader.binance_spot_bbo | BBO BTCUSDT bid=87483.42 ask=87483.43 mid=87483.42
2025-12-25 18:49:00,044 | INFO | trader.binance_spot_bbo | BBO BTCUSDT bid=87483.42 ask=87483.43 mid=87483.42
2025-12-25 18:49:00,048 | INFO | trader.binance_spot_bbo | BBO BTCUSDT bid=87483.42 ask=87483.43 mid=87483.42
2025-12-25 18:49:00,051 | INFO | trader.binance_spot_bbo | BBO BTCUSDT bid=87483.42 ask=87483.43 mid=87483.42
2025-12-25 18:49:00,053 | INFO | trader.binance_spot_bbo | BBO BTCUSDT bid=87483.42 ask=87483.43 mid=87483.42
2025-12-25 18:49:00,053 | INFO | trader.binance_spot_bbo | BBO BTCUSDT bid=87483.42 ask=87483.43 mid=87483.42
2025-12-25 18:49:00,070 | INFO | trader.binance_spot_bbo | BBO BTCUSDT bid=87483.42 ask=87483.43 mid=87483.42
2025-12-25 18:49:00,071 | INFO | trader.binance_spot_bbo | BBO BTCUSDT bid=87483.42 ask=87483.43 mid=87483.42
2025-12-25 18:49:00,072 | INFO | trader.binance_spot_bbo | BBO BTCUSDT bid=87483.42 ask=87483.43 mid=87483.42
2025-12-25 18:49:00,072 | INFO | trader.binance_spot_bbo | BBO BTCUSDT bid=87483.42 ask=87483.43 mid=87483.42
2025-12-25 18:49:00,072 | INFO | trader.binance_spot_bbo | BBO BTCUSDT bid=87483.42 ask=87483.43 mid=87483.42
2025-12-25 18:49:00,072 | INFO | trader.binance_spot_bbo | BBO BTCUSDT bid=87483.42 ask=87483.43 mid=87483.42
2025-12-25 18:49:00,072 | INFO | trader.binance_spot_bbo | BBO BTCUSDT bid=87483.42 ask=87483.43 mid=87483.42
2025-12-25 18:49:00,072 | INFO | trader.binance_spot_bbo | BBO BTCUSDT bid=87483.42 ask=87483.43 mid=87483.42
2025-12-25 18:49:00,072 | INFO | trader.binance_spot_bbo | BBO BTCUSDT bid=87483.42 ask=87483.43 mid=87483.42
2025-12-25 18:49:00,073 | INFO | trader.binance_spot_bbo | BBO BTCUSDT bid=87483.42 ask=87483.43 mid=87483.42
2025-12-25 18:49:00,094 | INFO | trader.binance_spot_bbo | BBO BTCUSDT bid=87483.42 ask=87483.43 mid=87483.42
2025-12-25 18:49:00,097 | INFO | trader.binance_spot_bbo | BBO BTCUSDT bid=87483.42 ask=87483.43 mid=87483.42
2025-12-25 18:49:00,122 | INFO | trader.binance_spot_bbo | BBO BTCUSDT bid=87483.42 ask=87483.43 mid=87483.42
2025-12-25 18:49:00,123 | INFO | trader.binance_spot_bbo | BBO BTCUSDT bid=87483.42 ask=87483.43 mid=87483.42
2025-12-25 18:49:00,123 | INFO | trader.binance_spot_bbo | BBO BTCUSDT bid=87483.42 ask=87483.43 mid=87483.42
2025-12-25 18:49:00,124 | INFO | trader.binance_spot_bbo | BBO BTCUSDT bid=87483.42 ask=87483.43 mid=87483.42
2025-12-25 18:49:00,124 | INFO | trader.binance_spot_bbo | BBO BTCUSDT bid=87483.42 ask=87483.43 mid=87483.42
2025-12-25 18:49:00,124 | INFO | trader.binance_spot_bbo | BBO BTCUSDT bid=87483.42 ask=87483.43 mid=87483.42
2025-12-25 18:49:00,125 | INFO | trader.binance_spot_bbo | BBO BTCUSDT bid=87483.42 ask=87483.43 mid=87483.42
2025-12-25 18:49:00,125 | INFO | trader.binance_spot_bbo | BBO BTCUSDT bid=87483.42 ask=87483.43 mid=87483.42
2025-12-25 18:49:00,140 | INFO | trader.binance_spot_bbo | BBO BTCUSDT bid=87483.42 ask=87483.43 mid=87483.42
2025-12-25 18:49:00,171 | INFO | trader.binance_spot_bbo | BBO BTCUSDT bid=87483.42 ask=87483.43 mid=87483.42
2025-12-25 18:49:00,172 | INFO | trader.binance_spot_bbo | BBO BTCUSDT bid=87483.42 ask=87483.43 mid=87483.42
2025-12-25 18:49:00,172 | INFO | trader.binance_spot_bbo | BBO BTCUSDT bid=87483.42 ask=87483.43 mid=87483.42
2025-12-25 18:49:00,190 | INFO | trader.binance_spot_bbo | BBO BTCUSDT bid=87483.42 ask=87483.43 mid=87483.42
2025-12-25 18:49:00,244 | INFO | trader.binance_spot_bbo | BBO BTCUSDT bid=87483.42 ask=87483.43 mid=87483.42
2025-12-25 18:49:00,430 | INFO | trader.binance_spot_bbo | BBO BTCUSDT bid=87483.42 ask=87483.43 mid=87483.42
2025-12-25 18:49:00,518 | INFO | trader.binance_spot_bbo | BBO BTCUSDT bid=87483.42 ask=87483.43 mid=87483.42
2025-12-25 18:49:00,530 | INFO | trader.binance_spot_bbo | BBO BTCUSDT bid=87483.42 ask=87483.43 mid=87483.42
2025-12-25 18:49:00,531 | INFO | trader.binance_spot_bbo | BBO BTCUSDT bid=87483.42 ask=87483.43 mid=87483.42
2025-12-25 18:49:00,605 | INFO | trader.binance_spot_bbo | BBO BTCUSDT bid=87483.42 ask=87483.43 mid=87483.42
2025-12-25 18:49:00,614 | INFO | trader.binance_spot_bbo | BBO BTCUSDT bid=87483.42 ask=87483.43 mid=87483.42
2025-12-25 18:49:00,649 | INFO | trader.binance_spot_bbo | BBO BTCUSDT bid=87483.42 ask=87483.43 mid=87483.42
2025-12-25 18:49:00,670 | INFO | trader.binance_spot_bbo | BBO BTCUSDT bid=87483.42 ask=87483.43 mid=87483.42
2025-12-25 18:49:00,698 | INFO | trader.binance_spot_bbo | BBO BTCUSDT bid=87483.42 ask=87483.43 mid=87483.42
2025-12-25 18:49:00,769 | INFO | trader.binance_spot_bbo | BBO BTCUSDT bid=87483.42 ask=87483.43 mid=87483.42
2025-12-25 18:49:00,773 | INFO | trader.binance_spot_bbo | BBO BTCUSDT bid=87483.42 ask=87483.43 mid=87483.42
2025-12-25 18:49:00,795 | INFO | trader.binance_spot_bbo | BBO BTCUSDT bid=87483.42 ask=87483.43 mid=87483.42
2025-12-25 18:49:00,798 | INFO | trader.binance_spot_bbo | BBO BTCUSDT bid=87483.42 ask=87483.43 mid=87483.42
2025-12-25 18:49:00,819 | INFO | trader.binance_spot_bbo | BBO BTCUSDT bid=87483.42 ask=87483.43 mid=87483.42
2025-12-25 18:49:00,821 | INFO | trader.binance_spot_bbo | BBO BTCUSDT bid=87483.42 ask=87483.43 mid=87483.42
2025-12-25 18:49:00,913 | INFO | trader.binance_spot_bbo | BBO BTCUSDT bid=87483.42 ask=87483.43 mid=87483.42
2025-12-25 18:49:00,988 | INFO | trader.binance_spot_bbo | BBO BTCUSDT bid=87483.42 ask=87483.43 mid=87483.42
2025-12-25 18:49:10,509 | INFO | trader.binance_spot_bbo | BBO BTCUSDT bid=87454.12 ask=87454.13 mid=87454.12
2025-12-25 18:49:10,509 | INFO | trader.binance_spot_bbo | BBO BTCUSDT bid=87454.12 ask=87454.13 mid=87454.12
2025-12-25 18:49:10,509 | INFO | trader.binance_spot_bbo | BBO BTCUSDT bid=87454.12 ask=87454.13 mid=87454.12
2025-12-25 18:49:10,509 | INFO | trader.binance_spot_bbo | BBO BTCUSDT bid=87454.12 ask=87454.13 mid=87454.12
2025-12-25 18:49:10,522 | INFO | trader.binance_spot_bbo | BBO BTCUSDT bid=87454.12 ask=87454.13 mid=87454.12
2025-12-25 18:49:10,582 | INFO | trader.binance_spot_bbo | BBO BTCUSDT bid=87454.12 ask=87454.13 mid=87454.12
2025-12-25 18:49:10,582 | INFO | trader.binance_spot_bbo | BBO BTCUSDT bid=87454.12 ask=87454.13 mid=87454.12
2025-12-25 18:49:10,584 | INFO | trader.binance_spot_bbo | BBO BTCUSDT bid=87454.12 ask=87454.13 mid=87454.12
2025-12-25 18:49:10,584 | INFO | trader.binance_spot_bbo | BBO BTCUSDT bid=87454.12 ask=87454.13 mid=87454.12
2025-12-25 18:49:10,662 | INFO | trader.binance_spot_bbo | BBO BTCUSDT bid=87454.12 ask=87454.13 mid=87454.12
2025-12-25 18:49:10,684 | INFO | trader.binance_spot_bbo | BBO BTCUSDT bid=87454.12 ask=87454.13 mid=87454.12
2025-12-25 18:49:10,686 | INFO | trader.binance_spot_bbo | BBO BTCUSDT bid=87454.12 ask=87454.13 mid=87454.12
2025-12-25 18:49:20,151 | INFO | trader.binance_spot_bbo | BBO BTCUSDT bid=87420.56 ask=87420.57 mid=87420.57
2025-12-25 18:49:20,273 | INFO | trader.binance_spot_bbo | BBO BTCUSDT bid=87420.56 ask=87420.57 mid=87420.57
2025-12-25 18:49:20,274 | INFO | trader.binance_spot_bbo | BBO BTCUSDT bid=87420.56 ask=87420.57 mid=87420.57
2025-12-25 18:49:20,288 | INFO | trader.binance_spot_bbo | BBO BTCUSDT bid=87420.56 ask=87420.57 mid=87420.57
2025-12-25 18:49:20,322 | INFO | trader.binance_spot_bbo | BBO BTCUSDT bid=87420.56 ask=87420.57 mid=87420.57
2025-12-25 18:49:20,323 | INFO | trader.binance_spot_bbo | BBO BTCUSDT bid=87420.56 ask=87420.57 mid=87420.57
2025-12-25 18:49:20,327 | INFO | trader.binance_spot_bbo | BBO BTCUSDT bid=87420.56 ask=87420.57 mid=87420.57
2025-12-25 18:49:20,327 | INFO | trader.binance_spot_bbo | BBO BTCUSDT bid=87420.56 ask=87420.57 mid=87420.57
2025-12-25 18:49:20,327 | INFO | trader.binance_spot_bbo | BBO BTCUSDT bid=87420.56 ask=87420.57 mid=87420.57
2025-12-25 18:49:20,327 | INFO | trader.binance_spot_bbo | BBO BTCUSDT bid=87420.56 ask=87420.57 mid=87420.57
2025-12-25 18:49:20,327 | INFO | trader.binance_spot_bbo | BBO BTCUSDT bid=87420.56 ask=87420.57 mid=87420.57
2025-12-25 18:49:20,328 | INFO | trader.binance_spot_bbo | BBO BTCUSDT bid=87420.56 ask=87420.57 mid=87420.57
2025-12-25 18:49:20,387 | INFO | trader.binance_spot_bbo | BBO BTCUSDT bid=87420.56 ask=87420.57 mid=87420.57
2025-12-25 18:49:20,457 | INFO | trader.binance_spot_bbo | BBO BTCUSDT bid=87420.56 ask=87420.57 mid=87420.57
2025-12-25 18:49:20,481 | INFO | trader.binance_spot_bbo | BBO BTCUSDT bid=87420.56 ask=87420.57 mid=87420.57
2025-12-25 18:49:20,486 | INFO | trader.binance_spot_bbo | BBO BTCUSDT bid=87420.56 ask=87420.57 mid=87420.57
2025-12-25 18:49:20,523 | INFO | trader.binance_spot_bbo | BBO BTCUSDT bid=87420.56 ask=87420.57 mid=87420.57
2025-12-25 18:49:20,631 | INFO | trader.binance_spot_bbo | BBO BTCUSDT bid=87420.56 ask=87420.57 mid=87420.57
2025-12-25 18:49:20,785 | INFO | trader.binance_spot_bbo | BBO BTCUSDT bid=87420.56 ask=87420.57 mid=87420.57
2025-12-25 18:49:20,810 | INFO | trader.binance_spot_bbo | BBO BTCUSDT bid=87420.56 ask=87420.57 mid=87420.57
2025-12-25 18:49:20,908 | INFO | trader.binance_spot_bbo | BBO BTCUSDT bid=87420.56 ask=87420.57 mid=87420.57
2025-12-25 18:49:31,741 | INFO | trader.main | OK: config + logging initialized
2025-12-25 18:49:31,742 | INFO | trader.main | Project=rl-crypto-trader Env=mainnet Exchange=binance
2025-12-25 18:49:31,742 | INFO | trader.main | Spot symbol=BTCUSDT Perp symbol=BTCUSDT
2025-12-25 18:49:31,742 | INFO | trader.main | Dirs: raw=data/raw derived=data/derived logs=data/logs
2025-12-25 18:49:31,754 | INFO | trader.main | Starting spot BBO stream -> data\raw\spot_bbo.csv
2025-12-25 18:49:32,311 | INFO | trader.binance_spot_bbo | Connected spot BBO stream: wss://stream.binance.com:9443/ws/btcusdt@bookTicker
2025-12-25 18:49:40,018 | INFO | trader.binance_spot_bbo | BBO BTCUSDT bid=87426.45 ask=87426.46 mid=87426.46
2025-12-25 18:49:50,021 | INFO | trader.binance_spot_bbo | BBO BTCUSDT bid=87423.67 ask=87423.68 mid=87423.67
2025-12-25 18:50:00,092 | INFO | trader.binance_spot_bbo | BBO BTCUSDT bid=87423.67 ask=87423.68 mid=87423.67
2025-12-25 18:50:10,053 | INFO | trader.binance_spot_bbo | BBO BTCUSDT bid=87426.32 ask=87426.33 mid=87426.33
2025-12-25 18:50:20,108 | INFO | trader.binance_spot_bbo | BBO BTCUSDT bid=87442.92 ask=87442.93 mid=87442.92
2025-12-25 18:50:30,678 | INFO | trader.binance_spot_bbo | BBO BTCUSDT bid=87433.77 ask=87433.78 mid=87433.77
2025-12-25 18:50:40,072 | INFO | trader.binance_spot_bbo | BBO BTCUSDT bid=87433.77 ask=87433.78 mid=87433.77
2025-12-25 18:50:50,101 | INFO | trader.binance_spot_bbo | BBO BTCUSDT bid=87441.82 ask=87441.83 mid=87441.83
2025-12-25 18:51:00,025 | INFO | trader.binance_spot_bbo | BBO BTCUSDT bid=87466.34 ask=87466.35 mid=87466.35
2025-12-25 18:51:10,125 | INFO | trader.binance_spot_bbo | BBO BTCUSDT bid=87447.08 ask=87447.09 mid=87447.08
2025-12-25 18:51:20,033 | INFO | trader.binance_spot_bbo | BBO BTCUSDT bid=87446.08 ask=87446.09 mid=87446.08
2025-12-25 18:55:54,063 | INFO | trader.main | OK: config + logging initialized
2025-12-25 18:55:54,063 | INFO | trader.main | Project=rl-crypto-trader Env=mainnet Exchange=binance
2025-12-25 18:55:54,063 | INFO | trader.main | Spot symbol=BTCUSDT Perp symbol=BTCUSDT
2025-12-25 18:55:54,064 | INFO | trader.main | Dirs: raw=data/raw derived=data/derived logs=data/logs
2025-12-25 18:55:54,077 | INFO | trader.main | Starting spot BBO stream -> data\raw\spot_bbo.csv
2025-12-25 18:55:54,645 | INFO | trader.binance_spot_bbo | Connected spot BBO stream: wss://stream.binance.com:9443/ws/btcusdt@bookTicker
2025-12-25 18:56:00,117 | INFO | trader.binance_spot_bbo | BBO BTCUSDT bid=87474.20 ask=87474.21 mid=87474.21
2025-12-25 18:56:10,004 | INFO | trader.binance_spot_bbo | BBO BTCUSDT bid=87474.20 ask=87474.21 mid=87474.21
2025-12-25 18:56:20,004 | INFO | trader.binance_spot_bbo | BBO BTCUSDT bid=87480.77 ask=87480.78 mid=87480.77
2025-12-25 18:56:30,418 | INFO | trader.binance_spot_bbo | BBO BTCUSDT bid=87480.78 ask=87480.79 mid=87480.79
2025-12-25 18:56:40,096 | INFO | trader.binance_spot_bbo | BBO BTCUSDT bid=87488.02 ask=87488.03 mid=87488.02
2025-12-25 18:56:50,011 | INFO | trader.binance_spot_bbo | BBO BTCUSDT bid=87488.38 ask=87488.39 mid=87488.39
2025-12-25 18:57:00,047 | INFO | trader.binance_spot_bbo | BBO BTCUSDT bid=87488.38 ask=87488.39 mid=87488.39
2025-12-25 18:57:10,147 | INFO | trader.binance_spot_bbo | BBO BTCUSDT bid=87488.38 ask=87488.39 mid=87488.39
2025-12-25 18:57:20,006 | INFO | trader.binance_spot_bbo | BBO BTCUSDT bid=87490.48 ask=87490.49 mid=87490.49
2025-12-25 18:57:30,033 | INFO | trader.binance_spot_bbo | BBO BTCUSDT bid=87490.48 ask=87490.49 mid=87490.49
2025-12-25 18:57:40,215 | INFO | trader.binance_spot_bbo | BBO BTCUSDT bid=87490.48 ask=87490.49 mid=87490.49
2025-12-25 18:57:50,062 | INFO | trader.binance_spot_bbo | BBO BTCUSDT bid=87491.10 ask=87491.11 mid=87491.11
2025-12-25 18:58:00,349 | INFO | trader.binance_spot_bbo | BBO BTCUSDT bid=87497.90 ask=87497.91 mid=87497.90
2025-12-25 18:58:10,048 | INFO | trader.binance_spot_bbo | BBO BTCUSDT bid=87497.90 ask=87497.91 mid=87497.90
2025-12-25 18:58:20,031 | INFO | trader.binance_spot_bbo | BBO BTCUSDT bid=87497.90 ask=87497.91 mid=87497.90
2025-12-25 18:58:30,150 | INFO | trader.binance_spot_bbo | BBO BTCUSDT bid=87497.90 ask=87497.91 mid=87497.90
2025-12-25 18:58:40,152 | INFO | trader.binance_spot_bbo | BBO BTCUSDT bid=87497.90 ask=87497.91 mid=87497.90
2025-12-25 18:58:50,192 | INFO | trader.binance_spot_bbo | BBO BTCUSDT bid=87497.90 ask=87497.91 mid=87497.90
2025-12-25 18:59:00,000 | INFO | trader.binance_spot_bbo | BBO BTCUSDT bid=87497.90 ask=87497.91 mid=87497.90
2025-12-25 18:59:10,000 | INFO | trader.binance_spot_bbo | BBO BTCUSDT bid=87509.30 ask=87509.31 mid=87509.30
2025-12-25 18:59:20,001 | INFO | trader.binance_spot_bbo | BBO BTCUSDT bid=87509.30 ask=87509.31 mid=87509.30
2025-12-25 18:59:30,052 | INFO | trader.binance_spot_bbo | BBO BTCUSDT bid=87510.55 ask=87510.56 mid=87510.55
2025-12-25 18:59:40,046 | INFO | trader.binance_spot_bbo | BBO BTCUSDT bid=87514.24 ask=87514.25 mid=87514.24
2025-12-25 18:59:50,093 | INFO | trader.binance_spot_bbo | BBO BTCUSDT bid=87514.24 ask=87514.25 mid=87514.24
2025-12-25 19:00:00,018 | INFO | trader.binance_spot_bbo | BBO BTCUSDT bid=87514.24 ask=87514.25 mid=87514.24
2025-12-25 19:00:10,018 | INFO | trader.binance_spot_bbo | BBO BTCUSDT bid=87514.24 ask=87514.25 mid=87514.24
2025-12-25 19:00:20,082 | INFO | trader.binance_spot_bbo | BBO BTCUSDT bid=87514.24 ask=87514.25 mid=87514.24
2025-12-25 19:00:30,024 | INFO | trader.binance_spot_bbo | BBO BTCUSDT bid=87514.24 ask=87514.25 mid=87514.24
2025-12-25 19:00:40,128 | INFO | trader.binance_spot_bbo | BBO BTCUSDT bid=87514.24 ask=87514.25 mid=87514.24
2025-12-25 19:00:50,139 | INFO | trader.binance_spot_bbo | BBO BTCUSDT bid=87514.24 ask=87514.25 mid=87514.24
2025-12-25 19:01:00,032 | INFO | trader.binance_spot_bbo | BBO BTCUSDT bid=87514.24 ask=87514.25 mid=87514.24
2025-12-25 19:01:10,017 | INFO | trader.binance_spot_bbo | BBO BTCUSDT bid=87492.65 ask=87492.66 mid=87492.65
2025-12-25 19:01:20,177 | INFO | trader.binance_spot_bbo | BBO BTCUSDT bid=87492.65 ask=87492.66 mid=87492.65
2025-12-25 19:01:30,045 | INFO | trader.binance_spot_bbo | BBO BTCUSDT bid=87492.65 ask=87492.66 mid=87492.65
2025-12-25 19:01:40,156 | INFO | trader.binance_spot_bbo | BBO BTCUSDT bid=87492.65 ask=87492.66 mid=87492.65
2025-12-25 19:01:50,143 | INFO | trader.binance_spot_bbo | BBO BTCUSDT bid=87492.65 ask=87492.66 mid=87492.65
2025-12-25 19:02:00,098 | INFO | trader.binance_spot_bbo | BBO BTCUSDT bid=87492.65 ask=87492.66 mid=87492.65
2025-12-25 19:02:10,407 | INFO | trader.binance_spot_bbo | BBO BTCUSDT bid=87500.94 ask=87500.95 mid=87500.95
2025-12-25 19:02:20,020 | INFO | trader.binance_spot_bbo | BBO BTCUSDT bid=87507.30 ask=87507.31 mid=87507.30
2025-12-25 19:02:30,163 | INFO | trader.binance_spot_bbo | BBO BTCUSDT bid=87492.65 ask=87492.66 mid=87492.65
2025-12-25 19:02:40,011 | INFO | trader.binance_spot_bbo | BBO BTCUSDT bid=87474.84 ask=87474.85 mid=87474.85
2025-12-25 19:02:50,160 | INFO | trader.binance_spot_bbo | BBO BTCUSDT bid=87474.84 ask=87474.85 mid=87474.85
2025-12-25 19:03:00,103 | INFO | trader.binance_spot_bbo | BBO BTCUSDT bid=87474.84 ask=87474.85 mid=87474.85
2025-12-25 19:03:10,061 | INFO | trader.binance_spot_bbo | BBO BTCUSDT bid=87474.84 ask=87474.85 mid=87474.85
2025-12-25 19:03:20,049 | INFO | trader.binance_spot_bbo | BBO BTCUSDT bid=87474.84 ask=87474.85 mid=87474.85
2025-12-25 19:03:30,618 | INFO | trader.binance_spot_bbo | BBO BTCUSDT bid=87474.84 ask=87474.85 mid=87474.85
2025-12-25 19:03:40,160 | INFO | trader.binance_spot_bbo | BBO BTCUSDT bid=87474.84 ask=87474.85 mid=87474.85
2025-12-25 19:03:50,013 | INFO | trader.binance_spot_bbo | BBO BTCUSDT bid=87474.84 ask=87474.85 mid=87474.85
2025-12-25 19:04:00,036 | INFO | trader.binance_spot_bbo | BBO BTCUSDT bid=87474.84 ask=87474.85 mid=87474.85
2025-12-25 19:04:10,010 | INFO | trader.binance_spot_bbo | BBO BTCUSDT bid=87474.84 ask=87474.85 mid=87474.85
2025-12-25 19:04:20,013 | INFO | trader.binance_spot_bbo | BBO BTCUSDT bid=87474.84 ask=87474.85 mid=87474.85
2025-12-25 19:04:30,019 | INFO | trader.binance_spot_bbo | BBO BTCUSDT bid=87474.84 ask=87474.85 mid=87474.85
2025-12-25 19:04:40,442 | INFO | trader.binance_spot_bbo | BBO BTCUSDT bid=87474.84 ask=87474.85 mid=87474.85
2025-12-25 19:04:50,098 | INFO | trader.binance_spot_bbo | BBO BTCUSDT bid=87474.84 ask=87474.85 mid=87474.85
2025-12-25 19:05:00,719 | INFO | trader.binance_spot_bbo | BBO BTCUSDT bid=87474.84 ask=87474.85 mid=87474.85
2025-12-25 19:05:10,002 | INFO | trader.binance_spot_bbo | BBO BTCUSDT bid=87474.84 ask=87474.85 mid=87474.85
2025-12-25 19:05:20,183 | INFO | trader.binance_spot_bbo | BBO BTCUSDT bid=87487.12 ask=87487.13 mid=87487.12
2025-12-25 19:05:30,035 | INFO | trader.binance_spot_bbo | BBO BTCUSDT bid=87487.12 ask=87487.13 mid=87487.12
2025-12-25 19:05:40,118 | INFO | trader.binance_spot_bbo | BBO BTCUSDT bid=87487.12 ask=87487.13 mid=87487.12
2025-12-25 19:05:50,192 | INFO | trader.binance_spot_bbo | BBO BTCUSDT bid=87487.12 ask=87487.13 mid=87487.12
2025-12-25 19:06:00,000 | INFO | trader.binance_spot_bbo | BBO BTCUSDT bid=87490.89 ask=87490.90 mid=87490.89
2025-12-25 19:06:10,189 | INFO | trader.binance_spot_bbo | BBO BTCUSDT bid=87493.01 ask=87493.02 mid=87493.01
2025-12-25 19:06:20,025 | INFO | trader.binance_spot_bbo | BBO BTCUSDT bid=87493.01 ask=87493.02 mid=87493.01
2025-12-25 19:06:30,041 | INFO | trader.binance_spot_bbo | BBO BTCUSDT bid=87493.01 ask=87493.02 mid=87493.01
2025-12-25 19:06:40,019 | INFO | trader.binance_spot_bbo | BBO BTCUSDT bid=87493.01 ask=87493.02 mid=87493.01
2025-12-25 19:06:50,002 | INFO | trader.binance_spot_bbo | BBO BTCUSDT bid=87493.01 ask=87493.02 mid=87493.01
2025-12-25 19:07:00,005 | INFO | trader.binance_spot_bbo | BBO BTCUSDT bid=87493.01 ask=87493.02 mid=87493.01
2025-12-25 19:07:10,096 | INFO | trader.binance_spot_bbo | BBO BTCUSDT bid=87493.01 ask=87493.02 mid=87493.01
2025-12-25 19:07:20,342 | INFO | trader.binance_spot_bbo | BBO BTCUSDT bid=87493.01 ask=87493.02 mid=87493.01
2025-12-25 19:07:30,021 | INFO | trader.binance_spot_bbo | BBO BTCUSDT bid=87493.01 ask=87493.02 mid=87493.01
2025-12-25 19:07:40,010 | INFO | trader.binance_spot_bbo | BBO BTCUSDT bid=87493.01 ask=87493.02 mid=87493.01
2025-12-25 19:07:50,011 | INFO | trader.binance_spot_bbo | BBO BTCUSDT bid=87493.01 ask=87493.02 mid=87493.01
2025-12-25 19:08:00,029 | INFO | trader.binance_spot_bbo | BBO BTCUSDT bid=87493.01 ask=87493.02 mid=87493.01
2025-12-25 19:08:10,019 | INFO | trader.binance_spot_bbo | BBO BTCUSDT bid=87493.01 ask=87493.02 mid=87493.01
2025-12-25 19:08:20,021 | INFO | trader.binance_spot_bbo | BBO BTCUSDT bid=87493.01 ask=87493.02 mid=87493.01
2025-12-25 19:08:30,057 | INFO | trader.binance_spot_bbo | BBO BTCUSDT bid=87493.01 ask=87493.02 mid=87493.01
2025-12-25 19:08:40,019 | INFO | trader.binance_spot_bbo | BBO BTCUSDT bid=87493.01 ask=87493.02 mid=87493.01
2025-12-25 19:08:50,013 | INFO | trader.binance_spot_bbo | BBO BTCUSDT bid=87493.01 ask=87493.02 mid=87493.01
2025-12-25 19:09:00,046 | INFO | trader.binance_spot_bbo | BBO BTCUSDT bid=87493.01 ask=87493.02 mid=87493.01
2025-12-25 19:09:10,018 | INFO | trader.binance_spot_bbo | BBO BTCUSDT bid=87493.01 ask=87493.02 mid=87493.01
2025-12-25 19:09:20,015 | INFO | trader.binance_spot_bbo | BBO BTCUSDT bid=87493.01 ask=87493.02 mid=87493.01
2025-12-25 19:09:30,062 | INFO | trader.binance_spot_bbo | BBO BTCUSDT bid=87493.01 ask=87493.02 mid=87493.01
2025-12-25 19:09:40,003 | INFO | trader.binance_spot_bbo | BBO BTCUSDT bid=87493.01 ask=87493.02 mid=87493.01
2025-12-25 19:09:50,068 | INFO | trader.binance_spot_bbo | BBO BTCUSDT bid=87494.57 ask=87494.58 mid=87494.58
2025-12-25 19:10:00,011 | INFO | trader.binance_spot_bbo | BBO BTCUSDT bid=87494.57 ask=87494.58 mid=87494.58
2025-12-25 19:10:10,024 | INFO | trader.binance_spot_bbo | BBO BTCUSDT bid=87513.80 ask=87513.81 mid=87513.80
2025-12-25 19:10:20,074 | INFO | trader.binance_spot_bbo | BBO BTCUSDT bid=87513.80 ask=87513.81 mid=87513.80
2025-12-25 19:10:30,089 | INFO | trader.binance_spot_bbo | BBO BTCUSDT bid=87513.80 ask=87513.81 mid=87513.80
2025-12-25 19:10:40,025 | INFO | trader.binance_spot_bbo | BBO BTCUSDT bid=87513.80 ask=87513.81 mid=87513.80
2025-12-25 19:10:50,090 | INFO | trader.binance_spot_bbo | BBO BTCUSDT bid=87513.80 ask=87513.81 mid=87513.80
2025-12-25 19:11:00,055 | INFO | trader.binance_spot_bbo | BBO BTCUSDT bid=87513.80 ask=87513.81 mid=87513.80
2025-12-25 19:11:10,001 | INFO | trader.binance_spot_bbo | BBO BTCUSDT bid=87513.80 ask=87513.81 mid=87513.80
2025-12-25 19:11:20,064 | INFO | trader.binance_spot_bbo | BBO BTCUSDT bid=87513.80 ask=87513.81 mid=87513.80
2025-12-25 19:11:30,012 | INFO | trader.binance_spot_bbo | BBO BTCUSDT bid=87513.80 ask=87513.81 mid=87513.80
2025-12-25 19:11:40,105 | INFO | trader.binance_spot_bbo | BBO BTCUSDT bid=87513.80 ask=87513.81 mid=87513.80
2025-12-25 19:11:50,025 | INFO | trader.binance_spot_bbo | BBO BTCUSDT bid=87513.80 ask=87513.81 mid=87513.80
2025-12-25 19:12:00,024 | INFO | trader.binance_spot_bbo | BBO BTCUSDT bid=87513.80 ask=87513.81 mid=87513.80
2025-12-25 19:12:10,061 | INFO | trader.binance_spot_bbo | BBO BTCUSDT bid=87513.80 ask=87513.81 mid=87513.80
2025-12-25 19:12:20,211 | INFO | trader.binance_spot_bbo | BBO BTCUSDT bid=87521.16 ask=87521.17 mid=87521.17
2025-12-25 19:12:30,022 | INFO | trader.binance_spot_bbo | BBO BTCUSDT bid=87522.14 ask=87522.15 mid=87522.14
2025-12-25 19:12:34,097 | INFO | trader.main | OK: config + logging initialized
2025-12-25 19:12:34,097 | INFO | trader.main | Project=rl-crypto-trader Env=mainnet Exchange=binance
2025-12-25 19:12:34,097 | INFO | trader.main | Spot symbol=BTCUSDT Perp symbol=BTCUSDT
2025-12-25 19:12:34,098 | INFO | trader.main | Dirs: raw=data/raw derived=data/derived logs=data/logs
2025-12-25 19:12:40,098 | INFO | trader.binance_spot_bbo | BBO BTCUSDT bid=87555.40 ask=87555.41 mid=87555.40
2025-12-25 19:12:50,020 | INFO | trader.binance_spot_bbo | BBO BTCUSDT bid=87579.44 ask=87579.45 mid=87579.45
2025-12-25 19:13:00,440 | INFO | trader.binance_spot_bbo | BBO BTCUSDT bid=87585.62 ask=87585.63 mid=87585.62
2025-12-25 19:13:10,030 | INFO | trader.binance_spot_bbo | BBO BTCUSDT bid=87581.26 ask=87581.27 mid=87581.26
2025-12-25 19:13:20,026 | INFO | trader.binance_spot_bbo | BBO BTCUSDT bid=87581.26 ask=87581.27 mid=87581.26
2025-12-25 19:13:29,705 | INFO | trader.main | OK: config + logging initialized
2025-12-25 19:13:29,705 | INFO | trader.main | Project=rl-crypto-trader Env=mainnet Exchange=binance
2025-12-25 19:13:29,705 | INFO | trader.main | Spot symbol=BTCUSDT Perp symbol=BTCUSDT
2025-12-25 19:13:29,705 | INFO | trader.main | Dirs: raw=data/raw derived=data/derived logs=data/logs
2025-12-25 19:13:29,965 | INFO | trader.main | Building 1m bars: data\raw\spot_bbo.csv -> data\derived\spot_1m_bars.csv
2025-12-25 19:13:29,998 | INFO | trader.spot_bars | Wrote 1m bars: data\derived\spot_1m_bars.csv (rows=25)
2025-12-25 19:13:30,008 | INFO | trader.binance_spot_bbo | BBO BTCUSDT bid=87596.22 ask=87596.23 mid=87596.23
2025-12-25 19:13:40,070 | INFO | trader.binance_spot_bbo | BBO BTCUSDT bid=87614.40 ask=87614.41 mid=87614.40
2025-12-25 19:13:50,006 | INFO | trader.binance_spot_bbo | BBO BTCUSDT bid=87618.87 ask=87618.88 mid=87618.88
2025-12-25 19:14:00,030 | INFO | trader.binance_spot_bbo | BBO BTCUSDT bid=87618.87 ask=87618.88 mid=87618.88
2025-12-25 19:14:10,002 | INFO | trader.binance_spot_bbo | BBO BTCUSDT bid=87627.11 ask=87627.12 mid=87627.11
2025-12-25 19:14:20,026 | INFO | trader.binance_spot_bbo | BBO BTCUSDT bid=87650.18 ask=87650.19 mid=87650.18
2025-12-25 19:14:30,134 | INFO | trader.binance_spot_bbo | BBO BTCUSDT bid=87622.28 ask=87622.29 mid=87622.29
2025-12-25 19:14:40,093 | INFO | trader.binance_spot_bbo | BBO BTCUSDT bid=87622.00 ask=87622.01 mid=87622.01
2025-12-25 19:14:50,116 | INFO | trader.binance_spot_bbo | BBO BTCUSDT bid=87616.11 ask=87616.12 mid=87616.11
2025-12-25 19:15:00,032 | INFO | trader.binance_spot_bbo | BBO BTCUSDT bid=87616.11 ask=87616.12 mid=87616.11
2025-12-25 19:15:10,096 | INFO | trader.binance_spot_bbo | BBO BTCUSDT bid=87616.11 ask=87616.12 mid=87616.11
2025-12-25 19:15:20,000 | INFO | trader.binance_spot_bbo | BBO BTCUSDT bid=87616.11 ask=87616.12 mid=87616.11
2025-12-25 19:15:30,045 | INFO | trader.binance_spot_bbo | BBO BTCUSDT bid=87565.99 ask=87566.00 mid=87565.99
